Workbook

Sheet anual
A1: provincia | B1: variable | C1: 1993 | D1: 1994 | E1: 1995 | F1: 1996 | G1: 1997 | H1: 1998 | I1: 1999 | J1: 2000 | K1: 2001 | L1: 2002 | M1: 2003 | N1: 2004 | O1: 2005 | P1: 2006 | Q1: 2007 | R1: 2008 | S1: 2009 | T1: 2010 | U1: 2011 | V1: 2012 | W1: 2013 | X1: 2014 | Y1: 2015 | Z1: 2016 | AA1: 2017 | AB1: 2018 | AC1: 2019 | AD1: 2020 | AE1: 2021 | AF1: 2022 | AG1: 2023 | AH1: 2024 | AI1: 2025
A2: Buenos Aires | B2: pob | AF2: 17523996
A3: CABA | B3: pob | AF3: 3121707
A4: Catamarca | B4: pob | AF4: 429562
A5: Chaco | B5: pob | AF5: 1129606
A6: Chubut | B6: pob | AF6: 592621
A7: Córdoba | B7: pob | AF7: 3840905
A8: Corrientes | B8: pob | AF8: 1212696
A9: Entre Ríos | B9: pob | AF9: 1425578
A10: Formosa | B10: pob | AF10: 607419
A11: Jujuy | B11: pob | AF11: 811611
A12: La Pampa | B12: pob | AF12: 361859
A13: La Rioja | B13: pob | AF13: 383865
... A25: Tucumán | B25: pob | AF25: 1731820
A26: Buenos Aires | B26: vab | N26: 85706.939 | O26: 93498.594 | P26: 101670.21 | Q26: 112133.3 | R26: 117261.87 | S26: 114087.18 | T26: 120846.77 | U26: 126825.76 | V26: 124949.92 | W26: 125041.9 | X26: 122464.18 | Y26: 124247.15 | Z26: 123199.88 | AA26: 125973.65 | AB26: 124075.63 | AC26: 118237.39 | AD26: 103834.72 | AE26: 113402.66 | AF26: 119077.26 | AG26: 119523.88
A27: CABA | B27: vab | N27: 131865.79 | O27: 144239 | P27: 154667.8 | Q27: 165764.35 | R27: 173660.63 | S27: 162677.78 | T27: 182196.42 | U27: 193596.88 | V27: 192649.04 | W27: 196324.76 | X27: 189466.14 | Y27: 195435.29 | Z27: 191324.34 | AA27: 196195.45 | AB27: 189876.09 | AC27: 185100.15 | AD27: 167866.01 | AE27: 186661.14 | AF27: 196714.6 | AG27: 193076.18
A28: Catamarca | B28: vab | N28: 3857.9592 | O28: 4349.6119 | P28: 4585.2407 | Q28: 4733.5821 | R28: 4554.0306 | S28: 4155.2544 | T28: 4255.8601 | U28: 4227.8942 | V28: 4321.4966 | W28: 4132.6768 | X28: 4257.0025 | Y28: 3848.4471 | Z28: 3850.0663 | AA28: 3789.7919 | AB28: 3615.6886 | AC28: 3268.2448 | AD28: 2943.7234 | AE28: 3427.6514 | AF28: 3815.2976 | AG28: 4091.1576
A29: Chaco | B29: vab | N29: 32365.857 | O29: 37646.15 | P29: 39981.301 | Q29: 45313.503 | R29: 46362.132 | S29: 42126.604 | T29: 47510.276 | U29: 49640.755 | V29: 47356.028 | W29: 50887.616 | X29: 50214.053 | Y29: 52202.432 | Z29: 51381.021 | AA29: 52454.129 | AB29: 49000.602 | AC29: 50159.299 | AD29: 44623.413 | AE29: 50042.177 | AF29: 51617.312 | AG29: 47892.307
A30: Chubut | B30: vab | N30: 4777.1032 | O30: 5418.7952 | P30: 5701.3213 | Q30: 6082.0508 | R30: 6338.2549 | S30: 6140.4811 | T30: 6489.8286 | U30: 7120.276 | V30: 7156.2017 | W30: 7340.9991 | X30: 7367.167 | Y30: 7568.6871 | Z30: 7413.7433 | AA30: 7769.9566 | AB30: 7861.2562 | AC30: 7578.9389 | AD30: 6917.2729 | AE30: 7557.4076 | AF30: 7705.7653 | AG30: 7868.3268
A31: Córdoba | B31: vab | N31: 5596.9167 | O31: 6253.3364 | P31: 6855.5332 | Q31: 7470.8879 | R31: 7888.9325 | S31: 7512.6511 | T31: 8460.0524 | U31: 9350.0285 | V31: 8518.8629 | W31: 8938.5958 | X31: 9649.5906 | Y31: 9540.6107 | Z31: 9426.653 | AA31: 9798.3584 | AB31: 9672.0486 | AC31: 9147.1866 | AD31: 8556.2971 | AE31: 9150.9198 | AF31: 9866.3612 | AG31: 9606.2519
A32: Corrientes | B32: vab | N32: 9546.8409 | O32: 9965.7352 | P32: 10999.404 | Q32: 11203.245 | R32: 11325.996 | S32: 10718.519 | T32: 11457.599 | U32: 11920.21 | V32: 11497.369 | W32: 11855.44 | X32: 12167.041 | Y32: 12269.628 | Z32: 11798.809 | AA32: 12125.937 | AB32: 12073.819 | AC32: 12216.79 | AD32: 10964.931 | AE32: 11392.284 | AF32: 11544.865 | AG32: 11292.646
A33: Entre Ríos | B33: vab | N33: 10433.914 | O33: 11702.555 | P33: 12454.632 | Q33: 13762.562 | R33: 14098.568 | S33: 13007.235 | T33: 14942.73 | U33: 15639.22 | V33: 15577.671 | W33: 16092.821 | X33: 15862.12 | Y33: 16422.062 | Z33: 15653.693 | AA33: 16435.788 | AB33: 15785.995 | AC33: 16031.456 | AD33: 14945.622 | AE33: 15947.948 | AF33: 16840.818 | AG33: 16133.861
A34: Formosa | B34: vab | N34: 2263.4085 | O34: 2557.0104 | P34: 2733.8165 | Q34: 2959.8669 | R34: 2946.203 | S34: 2943.6177 | T34: 3096.9127 | U34: 3368.9059 | V34: 3371.479 | W34: 3455.8572 | X34: 3413.8001 | Y34: 3616.8067 | Z34: 3602.6424 | AA34: 3694.748 | AB34: 3675.238 | AC34: 3463.4394 | AD34: 3211.2397 | AE34: 3594.987 | AF34: 3880.4603 | AG34: 3796.3607
A35: Jujuy | B35: vab | N35: 3654.7865 | O35: 3854.7524 | P35: 4095.1881 | Q35: 4428.6527 | R35: 4636.752 | S35: 4578.5937 | T35: 5056.4494 | U35: 5312.8809 | V35: 5440.9687 | W35: 5461.9901 | X35: 5507.3817 | Y35: 5765.1069 | Z35: 5554.7101 | AA35: 5722.259 | AB35: 5656.3562 | AC35: 5731.2107 | AD35: 5324.046 | AE35: 5996.4113 | AF35: 6600.8524 | AG35: 6832.0488
A36: La Pampa | B36: vab | N36: 3826.1282 | O36: 4607.3358 | P36: 4615.9539 | Q36: 5170.194 | R36: 5578.6797 | S36: 5164.537 | T36: 5514.9606 | U36: 5896.9155 | V36: 5900.3228 | W36: 5955.2736 | X36: 5675.1905 | Y36: 5982.8044 | Z36: 6190.1684 | AA36: 6008.986 | AB36: 5907.9746 | AC36: 6048.176 | AD36: 5434.2453 | AE36: 5867.0687 | AF36: 6427.5503 | AG36: 6122.8365
A37: La Rioja | B37: vab | N37: 2520.3505 | O37: 2718.3752 | P37: 2851.1011 | Q37: 3127.9344 | R37: 3082.2284 | S37: 2970.5202 | T37: 3280.8326 | U37: 3458.6401 | V37: 3331.5086 | W37: 3487.6157 | X37: 3364.3764 | Y37: 3439.1663 | Z37: 3389.2148 | AA37: 3499.0944 | AB37: 3374.5426 | AC37: 3290.8073 | AD37: 2906.7003 | AE37: 3212.7015 | AF37: 3474.285 | AG37: 3455.5029
... A73: Tucumán | B73: vab_indus | N73: 455.32839 | O73: 564.90301 | P73: 739.74755 | Q73: 832.58723 | R73: 755.00421 | S73: 581.17412 | T73: 1175.0619 | U73: 1904.6232 | V73: 2123.8669 | W73: 2108.9415 | X73: 1644.5431 | Y73: 1743.5015 | Z73: 1570.4401 | AA73: 1573.2059 | AB73: 1487.6486 | AC73: 1211.4287 | AD73: 1350.5913 | AE73: 1585.6123 | AF73: 1717.7105 | AG73: 1545.9171
A74: Buenos Aires | B74: expo | C74: =_xlfn.XLOOKUP($A74,'[1]Exportaciones Totales'!$A$8:$A$37,'[1]Exportaciones Totales'!B$8:B$37) -> 5198.553 | D74: =_xlfn.XLOOKUP($A74,'[1]Exportaciones Totales'!$A$8:$A$37,'[1]Exportaciones Totales'!C$8:C$37) -> 6223.191 | E74: =_xlfn.XLOOKUP($A74,'[1]Exportaciones Totales'!$A$8:$A$37,'[1]Exportaciones Totales'!D$8:D$37) -> 8133.711 | F74: =_xlfn.XLOOKUP($A74,'[1]Exportaciones Totales'!$A$8:$A$37,'[1]Exportaciones Totales'!E$8:E$37) -> 8908.843 | G74: =_xlfn.XLOOKUP($A74,'[1]Exportaciones Totales'!$A$8:$A$37,'[1]Exportaciones Totales'!F$8:F$37) -> 10367.901 | H74: =_xlfn.XLOOKUP($A74,'[1]Exportaciones Totales'!$A$8:$A$37,'[1]Exportaciones Totales'!G$8:G$37) -> 10427.197 | I74: =_xlfn.XLOOKUP($A74,'[1]Exportaciones Totales'!$A$8:$A$37,'[1]Exportaciones Totales'!H$8:H$37) -> 8572.211 | J74: =_xlfn.XLOOKUP($A74,'[1]Exportaciones Totales'!$A$8:$A$37,'[1]Exportaciones Totales'!I$8:I$37) -> 9640.077 | ... AH74: =_xlfn.XLOOKUP($A74,'[1]Exportaciones Totales'!$A$8:$A$37,'[1]Exportaciones Totales'!AG$8:AG$37) -> 29459.974 | AI74: 31683.845
A75: CABA | B75: expo | C75: =_xlfn.XLOOKUP($A75,'[1]Exportaciones Totales'!$A$8:$A$37,'[1]Exportaciones Totales'!B$8:B$37) -> 189.656 | D75: =_xlfn.XLOOKUP($A75,'[1]Exportaciones Totales'!$A$8:$A$37,'[1]Exportaciones Totales'!C$8:C$37) -> 306.914 | E75: =_xlfn.XLOOKUP($A75,'[1]Exportaciones Totales'!$A$8:$A$37,'[1]Exportaciones Totales'!D$8:D$37) -> 260.827 | F75: =_xlfn.XLOOKUP($A75,'[1]Exportaciones Totales'!$A$8:$A$37,'[1]Exportaciones Totales'!E$8:E$37) -> 255.946 | G75: =_xlfn.XLOOKUP($A75,'[1]Exportaciones Totales'!$A$8:$A$37,'[1]Exportaciones Totales'!F$8:F$37) -> 307.025 | H75: =_xlfn.XLOOKUP($A75,'[1]Exportaciones Totales'!$A$8:$A$37,'[1]Exportaciones Totales'!G$8:G$37) -> 287.199 | I75: =_xlfn.XLOOKUP($A75,'[1]Exportaciones Totales'!$A$8:$A$37,'[1]Exportaciones Totales'!H$8:H$37) -> 252.798 | J75: =_xlfn.XLOOKUP($A75,'[1]Exportaciones Totales'!$A$8:$A$37,'[1]Exportaciones Totales'!I$8:I$37) -> 235.949 | ... AH75: =_xlfn.XLOOKUP($A75,'[1]Exportaciones Totales'!$A$8:$A$37,'[1]Exportaciones Totales'!AG$8:AG$37) -> 363.70609 | AI75: 409.24717
A76: Catamarca | B76: expo | C76: =_xlfn.XLOOKUP($A76,'[1]Exportaciones Totales'!$A$8:$A$37,'[1]Exportaciones Totales'!B$8:B$37) -> 11.542 | D76: =_xlfn.XLOOKUP($A76,'[1]Exportaciones Totales'!$A$8:$A$37,'[1]Exportaciones Totales'!C$8:C$37) -> 25.035 | E76: =_xlfn.XLOOKUP($A76,'[1]Exportaciones Totales'!$A$8:$A$37,'[1]Exportaciones Totales'!D$8:D$37) -> 18.421 | F76: =_xlfn.XLOOKUP($A76,'[1]Exportaciones Totales'!$A$8:$A$37,'[1]Exportaciones Totales'!E$8:E$37) -> 21.61 | G76: =_xlfn.XLOOKUP($A76,'[1]Exportaciones Totales'!$A$8:$A$37,'[1]Exportaciones Totales'!F$8:F$37) -> 96.09 | H76: =_xlfn.XLOOKUP($A76,'[1]Exportaciones Totales'!$A$8:$A$37,'[1]Exportaciones Totales'!G$8:G$37) -> 490.266 | I76: =_xlfn.XLOOKUP($A76,'[1]Exportaciones Totales'!$A$8:$A$37,'[1]Exportaciones Totales'!H$8:H$37) -> 454.709 | J76: =_xlfn.XLOOKUP($A76,'[1]Exportaciones Totales'!$A$8:$A$37,'[1]Exportaciones Totales'!I$8:I$37) -> 337.45 | ... AH76: =_xlfn.XLOOKUP($A76,'[1]Exportaciones Totales'!$A$8:$A$37,'[1]Exportaciones Totales'!AG$8:AG$37) -> 340.70606 | AI76: 401.82761
A77: Chaco | B77: expo | C77: =_xlfn.XLOOKUP($A77,'[1]Exportaciones Totales'!$A$8:$A$37,'[1]Exportaciones Totales'!B$8:B$37) -> 152.621 | D77: =_xlfn.XLOOKUP($A77,'[1]Exportaciones Totales'!$A$8:$A$37,'[1]Exportaciones Totales'!C$8:C$37) -> 246.209 | E77: =_xlfn.XLOOKUP($A77,'[1]Exportaciones Totales'!$A$8:$A$37,'[1]Exportaciones Totales'!D$8:D$37) -> 389.407 | F77: =_xlfn.XLOOKUP($A77,'[1]Exportaciones Totales'!$A$8:$A$37,'[1]Exportaciones Totales'!E$8:E$37) -> 427.195 | G77: =_xlfn.XLOOKUP($A77,'[1]Exportaciones Totales'!$A$8:$A$37,'[1]Exportaciones Totales'!F$8:F$37) -> 321.314 | H77: =_xlfn.XLOOKUP($A77,'[1]Exportaciones Totales'!$A$8:$A$37,'[1]Exportaciones Totales'!G$8:G$37) -> 213.884 | I77: =_xlfn.XLOOKUP($A77,'[1]Exportaciones Totales'!$A$8:$A$37,'[1]Exportaciones Totales'!H$8:H$37) -> 216.209 | J77: =_xlfn.XLOOKUP($A77,'[1]Exportaciones Totales'!$A$8:$A$37,'[1]Exportaciones Totales'!I$8:I$37) -> 151.054 | ... AH77: =_xlfn.XLOOKUP($A77,'[1]Exportaciones Totales'!$A$8:$A$37,'[1]Exportaciones Totales'!AG$8:AG$37) -> 402.2464 | AI77: 234.96547
A78: Chubut | B78: expo | C78: =_xlfn.XLOOKUP($A78,'[1]Exportaciones Totales'!$A$8:$A$37,'[1]Exportaciones Totales'!B$8:B$37) -> 396.095 | D78: =_xlfn.XLOOKUP($A78,'[1]Exportaciones Totales'!$A$8:$A$37,'[1]Exportaciones Totales'!C$8:C$37) -> 540.394 | E78: =_xlfn.XLOOKUP($A78,'[1]Exportaciones Totales'!$A$8:$A$37,'[1]Exportaciones Totales'!D$8:D$37) -> 745.364 | F78: =_xlfn.XLOOKUP($A78,'[1]Exportaciones Totales'!$A$8:$A$37,'[1]Exportaciones Totales'!E$8:E$37) -> 841.906 | G78: =_xlfn.XLOOKUP($A78,'[1]Exportaciones Totales'!$A$8:$A$37,'[1]Exportaciones Totales'!F$8:F$37) -> 1064.383 | H78: =_xlfn.XLOOKUP($A78,'[1]Exportaciones Totales'!$A$8:$A$37,'[1]Exportaciones Totales'!G$8:G$37) -> 890.684 | I78: =_xlfn.XLOOKUP($A78,'[1]Exportaciones Totales'!$A$8:$A$37,'[1]Exportaciones Totales'!H$8:H$37) -> 878.023 | J78: =_xlfn.XLOOKUP($A78,'[1]Exportaciones Totales'!$A$8:$A$37,'[1]Exportaciones Totales'!I$8:I$37) -> 1286.261 | ... AH78: =_xlfn.XLOOKUP($A78,'[1]Exportaciones Totales'!$A$8:$A$37,'[1]Exportaciones Totales'!AG$8:AG$37) -> 3514.1678 | AI78: 3966.0485
A79: Córdoba | B79: expo | C79: =_xlfn.XLOOKUP($A79,'[1]Exportaciones Totales'!$A$8:$A$37,'[1]Exportaciones Totales'!B$8:B$37) -> 1398.998 | D79: =_xlfn.XLOOKUP($A79,'[1]Exportaciones Totales'!$A$8:$A$37,'[1]Exportaciones Totales'!C$8:C$37) -> 1599.301 | E79: =_xlfn.XLOOKUP($A79,'[1]Exportaciones Totales'!$A$8:$A$37,'[1]Exportaciones Totales'!D$8:D$37) -> 2000.343 | F79: =_xlfn.XLOOKUP($A79,'[1]Exportaciones Totales'!$A$8:$A$37,'[1]Exportaciones Totales'!E$8:E$37) -> 2332.419 | G79: =_xlfn.XLOOKUP($A79,'[1]Exportaciones Totales'!$A$8:$A$37,'[1]Exportaciones Totales'!F$8:F$37) -> 2718.829 | H79: =_xlfn.XLOOKUP($A79,'[1]Exportaciones Totales'!$A$8:$A$37,'[1]Exportaciones Totales'!G$8:G$37) -> 3098.446 | I79: =_xlfn.XLOOKUP($A79,'[1]Exportaciones Totales'!$A$8:$A$37,'[1]Exportaciones Totales'!H$8:H$37) -> 2550.369 | J79: =_xlfn.XLOOKUP($A79,'[1]Exportaciones Totales'!$A$8:$A$37,'[1]Exportaciones Totales'!I$8:I$37) -> 2770.218 | ... AH79: =_xlfn.XLOOKUP($A79,'[1]Exportaciones Totales'!$A$8:$A$37,'[1]Exportaciones Totales'!AG$8:AG$37) -> 9984.9516 | AI79: 10912.773
A80: Corrientes | B80: expo | C80: =_xlfn.XLOOKUP($A80,'[1]Exportaciones Totales'!$A$8:$A$37,'[1]Exportaciones Totales'!B$8:B$37) -> 65.877 | D80: =_xlfn.XLOOKUP($A80,'[1]Exportaciones Totales'!$A$8:$A$37,'[1]Exportaciones Totales'!C$8:C$37) -> 97.261 | E80: =_xlfn.XLOOKUP($A80,'[1]Exportaciones Totales'!$A$8:$A$37,'[1]Exportaciones Totales'!D$8:D$37) -> 144.953 | F80: =_xlfn.XLOOKUP($A80,'[1]Exportaciones Totales'!$A$8:$A$37,'[1]Exportaciones Totales'!E$8:E$37) -> 121.428 | G80: =_xlfn.XLOOKUP($A80,'[1]Exportaciones Totales'!$A$8:$A$37,'[1]Exportaciones Totales'!F$8:F$37) -> 128.699 | H80: =_xlfn.XLOOKUP($A80,'[1]Exportaciones Totales'!$A$8:$A$37,'[1]Exportaciones Totales'!G$8:G$37) -> 111.823 | I80: =_xlfn.XLOOKUP($A80,'[1]Exportaciones Totales'!$A$8:$A$37,'[1]Exportaciones Totales'!H$8:H$37) -> 117.637 | J80: =_xlfn.XLOOKUP($A80,'[1]Exportaciones Totales'!$A$8:$A$37,'[1]Exportaciones Totales'!I$8:I$37) -> 93.428 | ... AH80: =_xlfn.XLOOKUP($A80,'[1]Exportaciones Totales'!$A$8:$A$37,'[1]Exportaciones Totales'!AG$8:AG$37) -> 260.80262 | AI80: 335.57748
A81: Entre Ríos | B81: expo | C81: =_xlfn.XLOOKUP($A81,'[1]Exportaciones Totales'!$A$8:$A$37,'[1]Exportaciones Totales'!B$8:B$37) -> 222.322 | D81: =_xlfn.XLOOKUP($A81,'[1]Exportaciones Totales'!$A$8:$A$37,'[1]Exportaciones Totales'!C$8:C$37) -> 205.144 | E81: =_xlfn.XLOOKUP($A81,'[1]Exportaciones Totales'!$A$8:$A$37,'[1]Exportaciones Totales'!D$8:D$37) -> 381.723 | F81: =_xlfn.XLOOKUP($A81,'[1]Exportaciones Totales'!$A$8:$A$37,'[1]Exportaciones Totales'!E$8:E$37) -> 404.856 | G81: =_xlfn.XLOOKUP($A81,'[1]Exportaciones Totales'!$A$8:$A$37,'[1]Exportaciones Totales'!F$8:F$37) -> 479.773 | H81: =_xlfn.XLOOKUP($A81,'[1]Exportaciones Totales'!$A$8:$A$37,'[1]Exportaciones Totales'!G$8:G$37) -> 502.973 | I81: =_xlfn.XLOOKUP($A81,'[1]Exportaciones Totales'!$A$8:$A$37,'[1]Exportaciones Totales'!H$8:H$37) -> 331.451 | J81: =_xlfn.XLOOKUP($A81,'[1]Exportaciones Totales'!$A$8:$A$37,'[1]Exportaciones Totales'!I$8:I$37) -> 289.309 | ... AH81: =_xlfn.XLOOKUP($A81,'[1]Exportaciones Totales'!$A$8:$A$37,'[1]Exportaciones Totales'!AG$8:AG$37) -> 1426.9901 | AI81: 2115.2251
A82: Formosa | B82: expo | C82: =_xlfn.XLOOKUP($A82,'[1]Exportaciones Totales'!$A$8:$A$37,'[1]Exportaciones Totales'!B$8:B$37) -> 31.37 | D82: =_xlfn.XLOOKUP($A82,'[1]Exportaciones Totales'!$A$8:$A$37,'[1]Exportaciones Totales'!C$8:C$37) -> 35.035 | E82: =_xlfn.XLOOKUP($A82,'[1]Exportaciones Totales'!$A$8:$A$37,'[1]Exportaciones Totales'!D$8:D$37) -> 52.893 | F82: =_xlfn.XLOOKUP($A82,'[1]Exportaciones Totales'!$A$8:$A$37,'[1]Exportaciones Totales'!E$8:E$37) -> 56.168 | G82: =_xlfn.XLOOKUP($A82,'[1]Exportaciones Totales'!$A$8:$A$37,'[1]Exportaciones Totales'!F$8:F$37) -> 43.529 | H82: =_xlfn.XLOOKUP($A82,'[1]Exportaciones Totales'!$A$8:$A$37,'[1]Exportaciones Totales'!G$8:G$37) -> 29.837 | I82: =_xlfn.XLOOKUP($A82,'[1]Exportaciones Totales'!$A$8:$A$37,'[1]Exportaciones Totales'!H$8:H$37) -> 20.638 | J82: =_xlfn.XLOOKUP($A82,'[1]Exportaciones Totales'!$A$8:$A$37,'[1]Exportaciones Totales'!I$8:I$37) -> 14.164 | ... AH82: =_xlfn.XLOOKUP($A82,'[1]Exportaciones Totales'!$A$8:$A$37,'[1]Exportaciones Totales'!AG$8:AG$37) -> 37.09757 | AI82: 29.244629
A83: Jujuy | B83: expo | C83: =_xlfn.XLOOKUP($A83,'[1]Exportaciones Totales'!$A$8:$A$37,'[1]Exportaciones Totales'!B$8:B$37) -> 70.328 | D83: =_xlfn.XLOOKUP($A83,'[1]Exportaciones Totales'!$A$8:$A$37,'[1]Exportaciones Totales'!C$8:C$37) -> 70.706 | E83: =_xlfn.XLOOKUP($A83,'[1]Exportaciones Totales'!$A$8:$A$37,'[1]Exportaciones Totales'!D$8:D$37) -> 107.092 | F83: =_xlfn.XLOOKUP($A83,'[1]Exportaciones Totales'!$A$8:$A$37,'[1]Exportaciones Totales'!E$8:E$37) -> 148.578 | G83: =_xlfn.XLOOKUP($A83,'[1]Exportaciones Totales'!$A$8:$A$37,'[1]Exportaciones Totales'!F$8:F$37) -> 156.53 | H83: =_xlfn.XLOOKUP($A83,'[1]Exportaciones Totales'!$A$8:$A$37,'[1]Exportaciones Totales'!G$8:G$37) -> 119.857 | I83: =_xlfn.XLOOKUP($A83,'[1]Exportaciones Totales'!$A$8:$A$37,'[1]Exportaciones Totales'!H$8:H$37) -> 116.364 | J83: =_xlfn.XLOOKUP($A83,'[1]Exportaciones Totales'!$A$8:$A$37,'[1]Exportaciones Totales'!I$8:I$37) -> 95.038 | ... AH83: =_xlfn.XLOOKUP($A83,'[1]Exportaciones Totales'!$A$8:$A$37,'[1]Exportaciones Totales'!AG$8:AG$37) -> 1066.3066 | AI83: 1258.8057
A84: La Pampa | B84: expo | C84: =_xlfn.XLOOKUP($A84,'[1]Exportaciones Totales'!$A$8:$A$37,'[1]Exportaciones Totales'!B$8:B$37) -> 105.333 | D84: =_xlfn.XLOOKUP($A84,'[1]Exportaciones Totales'!$A$8:$A$37,'[1]Exportaciones Totales'!C$8:C$37) -> 130.924 | E84: =_xlfn.XLOOKUP($A84,'[1]Exportaciones Totales'!$A$8:$A$37,'[1]Exportaciones Totales'!D$8:D$37) -> 143.337 | F84: =_xlfn.XLOOKUP($A84,'[1]Exportaciones Totales'!$A$8:$A$37,'[1]Exportaciones Totales'!E$8:E$37) -> 145.741 | G84: =_xlfn.XLOOKUP($A84,'[1]Exportaciones Totales'!$A$8:$A$37,'[1]Exportaciones Totales'!F$8:F$37) -> 142.686 | H84: =_xlfn.XLOOKUP($A84,'[1]Exportaciones Totales'!$A$8:$A$37,'[1]Exportaciones Totales'!G$8:G$37) -> 210.022 | I84: =_xlfn.XLOOKUP($A84,'[1]Exportaciones Totales'!$A$8:$A$37,'[1]Exportaciones Totales'!H$8:H$37) -> 121.67 | J84: =_xlfn.XLOOKUP($A84,'[1]Exportaciones Totales'!$A$8:$A$37,'[1]Exportaciones Totales'!I$8:I$37) -> 124.502 | ... AH84: =_xlfn.XLOOKUP($A84,'[1]Exportaciones Totales'!$A$8:$A$37,'[1]Exportaciones Totales'!AG$8:AG$37) -> 1026.8637 | AI84: 938.96444
A85: La Rioja | B85: expo | C85: =_xlfn.XLOOKUP($A85,'[1]Exportaciones Totales'!$A$8:$A$37,'[1]Exportaciones Totales'!B$8:B$37) -> 46.612 | D85: =_xlfn.XLOOKUP($A85,'[1]Exportaciones Totales'!$A$8:$A$37,'[1]Exportaciones Totales'!C$8:C$37) -> 69.887 | E85: =_xlfn.XLOOKUP($A85,'[1]Exportaciones Totales'!$A$8:$A$37,'[1]Exportaciones Totales'!D$8:D$37) -> 136.023 | F85: =_xlfn.XLOOKUP($A85,'[1]Exportaciones Totales'!$A$8:$A$37,'[1]Exportaciones Totales'!E$8:E$37) -> 114.306 | G85: =_xlfn.XLOOKUP($A85,'[1]Exportaciones Totales'!$A$8:$A$37,'[1]Exportaciones Totales'!F$8:F$37) -> 145.647 | H85: =_xlfn.XLOOKUP($A85,'[1]Exportaciones Totales'!$A$8:$A$37,'[1]Exportaciones Totales'!G$8:G$37) -> 123.492 | I85: =_xlfn.XLOOKUP($A85,'[1]Exportaciones Totales'!$A$8:$A$37,'[1]Exportaciones Totales'!H$8:H$37) -> 117.947 | J85: =_xlfn.XLOOKUP($A85,'[1]Exportaciones Totales'!$A$8:$A$37,'[1]Exportaciones Totales'!I$8:I$37) -> 149.627 | ... AH85: =_xlfn.XLOOKUP($A85,'[1]Exportaciones Totales'!$A$8:$A$37,'[1]Exportaciones Totales'!AG$8:AG$37) -> 219.81355 | AI85: 163.35226
... A97: Tucumán | B97: expo | C97: =_xlfn.XLOOKUP($A97,'[1]Exportaciones Totales'!$A$8:$A$37,'[1]Exportaciones Totales'!B$8:B$37) -> 153.34 | D97: =_xlfn.XLOOKUP($A97,'[1]Exportaciones Totales'!$A$8:$A$37,'[1]Exportaciones Totales'!C$8:C$37) -> 223.73 | E97: =_xlfn.XLOOKUP($A97,'[1]Exportaciones Totales'!$A$8:$A$37,'[1]Exportaciones Totales'!D$8:D$37) -> 387.411 | F97: =_xlfn.XLOOKUP($A97,'[1]Exportaciones Totales'!$A$8:$A$37,'[1]Exportaciones Totales'!E$8:E$37) -> 362.48 | G97: =_xlfn.XLOOKUP($A97,'[1]Exportaciones Totales'!$A$8:$A$37,'[1]Exportaciones Totales'!F$8:F$37) -> 416.472 | H97: =_xlfn.XLOOKUP($A97,'[1]Exportaciones Totales'!$A$8:$A$37,'[1]Exportaciones Totales'!G$8:G$37) -> 383.302 | I97: =_xlfn.XLOOKUP($A97,'[1]Exportaciones Totales'!$A$8:$A$37,'[1]Exportaciones Totales'!H$8:H$37) -> 334.45 | J97: =_xlfn.XLOOKUP($A97,'[1]Exportaciones Totales'!$A$8:$A$37,'[1]Exportaciones Totales'!I$8:I$37) -> 407.764 | ... AH97: =_xlfn.XLOOKUP($A97,'[1]Exportaciones Totales'!$A$8:$A$37,'[1]Exportaciones Totales'!AG$8:AG$37) -> 955.65271 | AI97: 966.929
A98: Buenos Aires | B98: expo_moa_moi | C98: =_xlfn.XLOOKUP($A98,'[1]Exportaciones por Rubros'!$A$8:$A$37,'[1]Exportaciones por Rubros'!B$8:B$37) -> 3813.264 | D98: =_xlfn.XLOOKUP($A98,'[1]Exportaciones por Rubros'!$A$8:$A$37,'[1]Exportaciones por Rubros'!C$8:C$37) -> 4856.962 | E98: =_xlfn.XLOOKUP($A98,'[1]Exportaciones por Rubros'!$A$8:$A$37,'[1]Exportaciones por Rubros'!D$8:D$37) -> 6400.547 | F98: =_xlfn.XLOOKUP($A98,'[1]Exportaciones por Rubros'!$A$8:$A$37,'[1]Exportaciones por Rubros'!E$8:E$37) -> 6722.489 | G98: =_xlfn.XLOOKUP($A98,'[1]Exportaciones por Rubros'!$A$8:$A$37,'[1]Exportaciones por Rubros'!F$8:F$37) -> 7886.33 | H98: =_xlfn.XLOOKUP($A98,'[1]Exportaciones por Rubros'!$A$8:$A$37,'[1]Exportaciones por Rubros'!G$8:G$37) -> 7903.03 | I98: =_xlfn.XLOOKUP($A98,'[1]Exportaciones por Rubros'!$A$8:$A$37,'[1]Exportaciones por Rubros'!H$8:H$37) -> 6524.527 | J98: =_xlfn.XLOOKUP($A98,'[1]Exportaciones por Rubros'!$A$8:$A$37,'[1]Exportaciones por Rubros'!I$8:I$37) -> 7031.284 | ... AH98: =_xlfn.XLOOKUP($A98,'[1]Exportaciones por Rubros'!$A$8:$A$37,'[1]Exportaciones por Rubros'!AG$8:AG$37) -> 20934.875 | AI98: 21531.012
A99: CABA | B99: expo_moa_moi | C99: =_xlfn.XLOOKUP($A99,'[1]Exportaciones por Rubros'!$A$8:$A$37,'[1]Exportaciones por Rubros'!B$8:B$37) -> 189.632 | D99: =_xlfn.XLOOKUP($A99,'[1]Exportaciones por Rubros'!$A$8:$A$37,'[1]Exportaciones por Rubros'!C$8:C$37) -> 306.622 | E99: =_xlfn.XLOOKUP($A99,'[1]Exportaciones por Rubros'!$A$8:$A$37,'[1]Exportaciones por Rubros'!D$8:D$37) -> 257.861 | F99: =_xlfn.XLOOKUP($A99,'[1]Exportaciones por Rubros'!$A$8:$A$37,'[1]Exportaciones por Rubros'!E$8:E$37) -> 252.034 | G99: =_xlfn.XLOOKUP($A99,'[1]Exportaciones por Rubros'!$A$8:$A$37,'[1]Exportaciones por Rubros'!F$8:F$37) -> 301.437 | H99: =_xlfn.XLOOKUP($A99,'[1]Exportaciones por Rubros'!$A$8:$A$37,'[1]Exportaciones por Rubros'!G$8:G$37) -> 287.085 | I99: =_xlfn.XLOOKUP($A99,'[1]Exportaciones por Rubros'!$A$8:$A$37,'[1]Exportaciones por Rubros'!H$8:H$37) -> 252.57 | J99: =_xlfn.XLOOKUP($A99,'[1]Exportaciones por Rubros'!$A$8:$A$37,'[1]Exportaciones por Rubros'!I$8:I$37) -> 233.25 | ... AH99: =_xlfn.XLOOKUP($A99,'[1]Exportaciones por Rubros'!$A$8:$A$37,'[1]Exportaciones por Rubros'!AG$8:AG$37) -> 363.70328 | AI99: 409.23185
A100: Catamarca | B100: expo_moa_moi | C100: =_xlfn.XLOOKUP($A100,'[1]Exportaciones por Rubros'!$A$8:$A$37,'[1]Exportaciones por Rubros'!B$8:B$37) -> 3.287 | D100: =_xlfn.XLOOKUP($A100,'[1]Exportaciones por Rubros'!$A$8:$A$37,'[1]Exportaciones por Rubros'!C$8:C$37) -> 14.595 | E100: =_xlfn.XLOOKUP($A100,'[1]Exportaciones por Rubros'!$A$8:$A$37,'[1]Exportaciones por Rubros'!D$8:D$37) -> 5.137 | F100: =_xlfn.XLOOKUP($A100,'[1]Exportaciones por Rubros'!$A$8:$A$37,'[1]Exportaciones por Rubros'!E$8:E$37) -> 9.416 | G100: =_xlfn.XLOOKUP($A100,'[1]Exportaciones por Rubros'!$A$8:$A$37,'[1]Exportaciones por Rubros'!F$8:F$37) -> 13.775 | H100: =_xlfn.XLOOKUP($A100,'[1]Exportaciones por Rubros'!$A$8:$A$37,'[1]Exportaciones por Rubros'!G$8:G$37) -> 28.299 | I100: =_xlfn.XLOOKUP($A100,'[1]Exportaciones por Rubros'!$A$8:$A$37,'[1]Exportaciones por Rubros'!H$8:H$37) -> 33.169 | J100: =_xlfn.XLOOKUP($A100,'[1]Exportaciones por Rubros'!$A$8:$A$37,'[1]Exportaciones por Rubros'!I$8:I$37) -> 22.305 | ... AH100: =_xlfn.XLOOKUP($A100,'[1]Exportaciones por Rubros'!$A$8:$A$37,'[1]Exportaciones por Rubros'!AG$8:AG$37) -> 308.41232 | AI100: 377.32786
A101: Chaco | B101: expo_moa_moi | C101: =_xlfn.XLOOKUP($A101,'[1]Exportaciones por Rubros'!$A$8:$A$37,'[1]Exportaciones por Rubros'!B$8:B$37) -> 96.595 | D101: =_xlfn.XLOOKUP($A101,'[1]Exportaciones por Rubros'!$A$8:$A$37,'[1]Exportaciones por Rubros'!C$8:C$37) -> 88.392 | E101: =_xlfn.XLOOKUP($A101,'[1]Exportaciones por Rubros'!$A$8:$A$37,'[1]Exportaciones por Rubros'!D$8:D$37) -> 76.249 | F101: =_xlfn.XLOOKUP($A101,'[1]Exportaciones por Rubros'!$A$8:$A$37,'[1]Exportaciones por Rubros'!E$8:E$37) -> 50.572 | G101: =_xlfn.XLOOKUP($A101,'[1]Exportaciones por Rubros'!$A$8:$A$37,'[1]Exportaciones por Rubros'!F$8:F$37) -> 62.14 | H101: =_xlfn.XLOOKUP($A101,'[1]Exportaciones por Rubros'!$A$8:$A$37,'[1]Exportaciones por Rubros'!G$8:G$37) -> 54.888 | I101: =_xlfn.XLOOKUP($A101,'[1]Exportaciones por Rubros'!$A$8:$A$37,'[1]Exportaciones por Rubros'!H$8:H$37) -> 46.471 | J101: =_xlfn.XLOOKUP($A101,'[1]Exportaciones por Rubros'!$A$8:$A$37,'[1]Exportaciones por Rubros'!I$8:I$37) -> 46.819 | ... AH101: =_xlfn.XLOOKUP($A101,'[1]Exportaciones por Rubros'!$A$8:$A$37,'[1]Exportaciones por Rubros'!AG$8:AG$37) -> 75.307424 | AI101: 82.76486
A102: Chubut | B102: expo_moa_moi | C102: =_xlfn.XLOOKUP($A102,'[1]Exportaciones por Rubros'!$A$8:$A$37,'[1]Exportaciones por Rubros'!B$8:B$37) -> 208.68 | D102: =_xlfn.XLOOKUP($A102,'[1]Exportaciones por Rubros'!$A$8:$A$37,'[1]Exportaciones por Rubros'!C$8:C$37) -> 262.534 | E102: =_xlfn.XLOOKUP($A102,'[1]Exportaciones por Rubros'!$A$8:$A$37,'[1]Exportaciones por Rubros'!D$8:D$37) -> 395.902 | F102: =_xlfn.XLOOKUP($A102,'[1]Exportaciones por Rubros'!$A$8:$A$37,'[1]Exportaciones por Rubros'!E$8:E$37) -> 349.763 | G102: =_xlfn.XLOOKUP($A102,'[1]Exportaciones por Rubros'!$A$8:$A$37,'[1]Exportaciones por Rubros'!F$8:F$37) -> 392.804 | H102: =_xlfn.XLOOKUP($A102,'[1]Exportaciones por Rubros'!$A$8:$A$37,'[1]Exportaciones por Rubros'!G$8:G$37) -> 319.543 | I102: =_xlfn.XLOOKUP($A102,'[1]Exportaciones por Rubros'!$A$8:$A$37,'[1]Exportaciones por Rubros'!H$8:H$37) -> 326.279 | J102: =_xlfn.XLOOKUP($A102,'[1]Exportaciones por Rubros'!$A$8:$A$37,'[1]Exportaciones por Rubros'!I$8:I$37) -> 468.865 | ... AH102: =_xlfn.XLOOKUP($A102,'[1]Exportaciones por Rubros'!$A$8:$A$37,'[1]Exportaciones por Rubros'!AG$8:AG$37) -> 1082.66 | AI102: 1164.1421
A103: Córdoba | B103: expo_moa_moi | C103: =_xlfn.XLOOKUP($A103,'[1]Exportaciones por Rubros'!$A$8:$A$37,'[1]Exportaciones por Rubros'!B$8:B$37) -> 909.557 | D103: =_xlfn.XLOOKUP($A103,'[1]Exportaciones por Rubros'!$A$8:$A$37,'[1]Exportaciones por Rubros'!C$8:C$37) -> 1060.907 | E103: =_xlfn.XLOOKUP($A103,'[1]Exportaciones por Rubros'!$A$8:$A$37,'[1]Exportaciones por Rubros'!D$8:D$37) -> 1418.841 | F103: =_xlfn.XLOOKUP($A103,'[1]Exportaciones por Rubros'!$A$8:$A$37,'[1]Exportaciones por Rubros'!E$8:E$37) -> 1563.903 | G103: =_xlfn.XLOOKUP($A103,'[1]Exportaciones por Rubros'!$A$8:$A$37,'[1]Exportaciones por Rubros'!F$8:F$37) -> 2151.305 | H103: =_xlfn.XLOOKUP($A103,'[1]Exportaciones por Rubros'!$A$8:$A$37,'[1]Exportaciones por Rubros'!G$8:G$37) -> 2221.39 | I103: =_xlfn.XLOOKUP($A103,'[1]Exportaciones por Rubros'!$A$8:$A$37,'[1]Exportaciones por Rubros'!H$8:H$37) -> 1797.641 | J103: =_xlfn.XLOOKUP($A103,'[1]Exportaciones por Rubros'!$A$8:$A$37,'[1]Exportaciones por Rubros'!I$8:I$37) -> 1827.275 | ... AH103: =_xlfn.XLOOKUP($A103,'[1]Exportaciones por Rubros'!$A$8:$A$37,'[1]Exportaciones por Rubros'!AG$8:AG$37) -> 5974.6497 | AI103: 5873.8343
A104: Corrientes | B104: expo_moa_moi | C104: =_xlfn.XLOOKUP($A104,'[1]Exportaciones por Rubros'!$A$8:$A$37,'[1]Exportaciones por Rubros'!B$8:B$37) -> 23.745 | D104: =_xlfn.XLOOKUP($A104,'[1]Exportaciones por Rubros'!$A$8:$A$37,'[1]Exportaciones por Rubros'!C$8:C$37) -> 34.599 | E104: =_xlfn.XLOOKUP($A104,'[1]Exportaciones por Rubros'!$A$8:$A$37,'[1]Exportaciones por Rubros'!D$8:D$37) -> 38.027 | F104: =_xlfn.XLOOKUP($A104,'[1]Exportaciones por Rubros'!$A$8:$A$37,'[1]Exportaciones por Rubros'!E$8:E$37) -> 28.127 | G104: =_xlfn.XLOOKUP($A104,'[1]Exportaciones por Rubros'!$A$8:$A$37,'[1]Exportaciones por Rubros'!F$8:F$37) -> 28.529 | H104: =_xlfn.XLOOKUP($A104,'[1]Exportaciones por Rubros'!$A$8:$A$37,'[1]Exportaciones por Rubros'!G$8:G$37) -> 30.011 | I104: =_xlfn.XLOOKUP($A104,'[1]Exportaciones por Rubros'!$A$8:$A$37,'[1]Exportaciones por Rubros'!H$8:H$37) -> 24.319 | J104: =_xlfn.XLOOKUP($A104,'[1]Exportaciones por Rubros'!$A$8:$A$37,'[1]Exportaciones por Rubros'!I$8:I$37) -> 27.792 | ... AH104: =_xlfn.XLOOKUP($A104,'[1]Exportaciones por Rubros'!$A$8:$A$37,'[1]Exportaciones por Rubros'!AG$8:AG$37) -> 138.04588 | AI104: 156.99644
A105: Entre Ríos | B105: expo_moa_moi | C105: =_xlfn.XLOOKUP($A105,'[1]Exportaciones por Rubros'!$A$8:$A$37,'[1]Exportaciones por Rubros'!B$8:B$37) -> 88.564 | D105: =_xlfn.XLOOKUP($A105,'[1]Exportaciones por Rubros'!$A$8:$A$37,'[1]Exportaciones por Rubros'!C$8:C$37) -> 82.473 | E105: =_xlfn.XLOOKUP($A105,'[1]Exportaciones por Rubros'!$A$8:$A$37,'[1]Exportaciones por Rubros'!D$8:D$37) -> 153.526 | F105: =_xlfn.XLOOKUP($A105,'[1]Exportaciones por Rubros'!$A$8:$A$37,'[1]Exportaciones por Rubros'!E$8:E$37) -> 145.876 | G105: =_xlfn.XLOOKUP($A105,'[1]Exportaciones por Rubros'!$A$8:$A$37,'[1]Exportaciones por Rubros'!F$8:F$37) -> 154.08 | H105: =_xlfn.XLOOKUP($A105,'[1]Exportaciones por Rubros'!$A$8:$A$37,'[1]Exportaciones por Rubros'!G$8:G$37) -> 111.184 | I105: =_xlfn.XLOOKUP($A105,'[1]Exportaciones por Rubros'!$A$8:$A$37,'[1]Exportaciones por Rubros'!H$8:H$37) -> 120.724 | J105: =_xlfn.XLOOKUP($A105,'[1]Exportaciones por Rubros'!$A$8:$A$37,'[1]Exportaciones por Rubros'!I$8:I$37) -> 107.353 | ... AH105: =_xlfn.XLOOKUP($A105,'[1]Exportaciones por Rubros'!$A$8:$A$37,'[1]Exportaciones por Rubros'!AG$8:AG$37) -> 642.91752 | AI105: 786.63268
A106: Formosa | B106: expo_moa_moi | C106: =_xlfn.XLOOKUP($A106,'[1]Exportaciones por Rubros'!$A$8:$A$37,'[1]Exportaciones por Rubros'!B$8:B$37) -> 12.555 | D106: =_xlfn.XLOOKUP($A106,'[1]Exportaciones por Rubros'!$A$8:$A$37,'[1]Exportaciones por Rubros'!C$8:C$37) -> 0.69 | E106: =_xlfn.XLOOKUP($A106,'[1]Exportaciones por Rubros'!$A$8:$A$37,'[1]Exportaciones por Rubros'!D$8:D$37) -> 0.751 | F106: =_xlfn.XLOOKUP($A106,'[1]Exportaciones por Rubros'!$A$8:$A$37,'[1]Exportaciones por Rubros'!E$8:E$37) -> 0 | G106: =_xlfn.XLOOKUP($A106,'[1]Exportaciones por Rubros'!$A$8:$A$37,'[1]Exportaciones por Rubros'!F$8:F$37) -> 1.298 | H106: =_xlfn.XLOOKUP($A106,'[1]Exportaciones por Rubros'!$A$8:$A$37,'[1]Exportaciones por Rubros'!G$8:G$37) -> 1.852 | I106: =_xlfn.XLOOKUP($A106,'[1]Exportaciones por Rubros'!$A$8:$A$37,'[1]Exportaciones por Rubros'!H$8:H$37) -> 0.741 | J106: =_xlfn.XLOOKUP($A106,'[1]Exportaciones por Rubros'!$A$8:$A$37,'[1]Exportaciones por Rubros'!I$8:I$37) -> 0.555 | ... AH106: =_xlfn.XLOOKUP($A106,'[1]Exportaciones por Rubros'!$A$8:$A$37,'[1]Exportaciones por Rubros'!AG$8:AG$37) -> 4.7805841 | AI106: 5.3851047
A107: Jujuy | B107: expo_moa_moi | C107: =_xlfn.XLOOKUP($A107,'[1]Exportaciones por Rubros'!$A$8:$A$37,'[1]Exportaciones por Rubros'!B$8:B$37) -> 23.393 | D107: =_xlfn.XLOOKUP($A107,'[1]Exportaciones por Rubros'!$A$8:$A$37,'[1]Exportaciones por Rubros'!C$8:C$37) -> 25.574 | E107: =_xlfn.XLOOKUP($A107,'[1]Exportaciones por Rubros'!$A$8:$A$37,'[1]Exportaciones por Rubros'!D$8:D$37) -> 29.72 | F107: =_xlfn.XLOOKUP($A107,'[1]Exportaciones por Rubros'!$A$8:$A$37,'[1]Exportaciones por Rubros'!E$8:E$37) -> 36.844 | G107: =_xlfn.XLOOKUP($A107,'[1]Exportaciones por Rubros'!$A$8:$A$37,'[1]Exportaciones por Rubros'!F$8:F$37) -> 34.037 | H107: =_xlfn.XLOOKUP($A107,'[1]Exportaciones por Rubros'!$A$8:$A$37,'[1]Exportaciones por Rubros'!G$8:G$37) -> 26.127 | I107: =_xlfn.XLOOKUP($A107,'[1]Exportaciones por Rubros'!$A$8:$A$37,'[1]Exportaciones por Rubros'!H$8:H$37) -> 25.234 | J107: =_xlfn.XLOOKUP($A107,'[1]Exportaciones por Rubros'!$A$8:$A$37,'[1]Exportaciones por Rubros'!I$8:I$37) -> 33.521 | ... AH107: =_xlfn.XLOOKUP($A107,'[1]Exportaciones por Rubros'!$A$8:$A$37,'[1]Exportaciones por Rubros'!AG$8:AG$37) -> 595.61739 | AI107: 736.13119
A108: La Pampa | B108: expo_moa_moi | C108: =_xlfn.XLOOKUP($A108,'[1]Exportaciones por Rubros'!$A$8:$A$37,'[1]Exportaciones por Rubros'!B$8:B$37) -> 10.583 | D108: =_xlfn.XLOOKUP($A108,'[1]Exportaciones por Rubros'!$A$8:$A$37,'[1]Exportaciones por Rubros'!C$8:C$37) -> 8.427 | E108: =_xlfn.XLOOKUP($A108,'[1]Exportaciones por Rubros'!$A$8:$A$37,'[1]Exportaciones por Rubros'!D$8:D$37) -> 13.917 | F108: =_xlfn.XLOOKUP($A108,'[1]Exportaciones por Rubros'!$A$8:$A$37,'[1]Exportaciones por Rubros'!E$8:E$37) -> 6.662 | G108: =_xlfn.XLOOKUP($A108,'[1]Exportaciones por Rubros'!$A$8:$A$37,'[1]Exportaciones por Rubros'!F$8:F$37) -> 12.243 | H108: =_xlfn.XLOOKUP($A108,'[1]Exportaciones por Rubros'!$A$8:$A$37,'[1]Exportaciones por Rubros'!G$8:G$37) -> 15.953 | I108: =_xlfn.XLOOKUP($A108,'[1]Exportaciones por Rubros'!$A$8:$A$37,'[1]Exportaciones por Rubros'!H$8:H$37) -> 16.521 | J108: =_xlfn.XLOOKUP($A108,'[1]Exportaciones por Rubros'!$A$8:$A$37,'[1]Exportaciones por Rubros'!I$8:I$37) -> 5.374 | ... AH108: =_xlfn.XLOOKUP($A108,'[1]Exportaciones por Rubros'!$A$8:$A$37,'[1]Exportaciones por Rubros'!AG$8:AG$37) -> 216.71358 | AI108: 230.07572
A109: La Rioja | B109: expo_moa_moi | C109: =_xlfn.XLOOKUP($A109,'[1]Exportaciones por Rubros'!$A$8:$A$37,'[1]Exportaciones por Rubros'!B$8:B$37) -> 46.292 | D109: =_xlfn.XLOOKUP($A109,'[1]Exportaciones por Rubros'!$A$8:$A$37,'[1]Exportaciones por Rubros'!C$8:C$37) -> 69.414 | E109: =_xlfn.XLOOKUP($A109,'[1]Exportaciones por Rubros'!$A$8:$A$37,'[1]Exportaciones por Rubros'!D$8:D$37) -> 135.726 | F109: =_xlfn.XLOOKUP($A109,'[1]Exportaciones por Rubros'!$A$8:$A$37,'[1]Exportaciones por Rubros'!E$8:E$37) -> 113.838 | G109: =_xlfn.XLOOKUP($A109,'[1]Exportaciones por Rubros'!$A$8:$A$37,'[1]Exportaciones por Rubros'!F$8:F$37) -> 145.36 | H109: =_xlfn.XLOOKUP($A109,'[1]Exportaciones por Rubros'!$A$8:$A$37,'[1]Exportaciones por Rubros'!G$8:G$37) -> 122.613 | I109: =_xlfn.XLOOKUP($A109,'[1]Exportaciones por Rubros'!$A$8:$A$37,'[1]Exportaciones por Rubros'!H$8:H$37) -> 117.258 | J109: =_xlfn.XLOOKUP($A109,'[1]Exportaciones por Rubros'!$A$8:$A$37,'[1]Exportaciones por Rubros'!I$8:I$37) -> 148.834 | ... AH109: =_xlfn.XLOOKUP($A109,'[1]Exportaciones por Rubros'!$A$8:$A$37,'[1]Exportaciones por Rubros'!AG$8:AG$37) -> 212.79834 | AI109: 156.41968
... A121: Tucumán | B121: expo_moa_moi | C121: =_xlfn.XLOOKUP($A121,'[1]Exportaciones por Rubros'!$A$8:$A$37,'[1]Exportaciones por Rubros'!B$8:B$37) -> 114.099 | D121: =_xlfn.XLOOKUP($A121,'[1]Exportaciones por Rubros'!$A$8:$A$37,'[1]Exportaciones por Rubros'!C$8:C$37) -> 159.581 | E121: =_xlfn.XLOOKUP($A121,'[1]Exportaciones por Rubros'!$A$8:$A$37,'[1]Exportaciones por Rubros'!D$8:D$37) -> 305.678 | F121: =_xlfn.XLOOKUP($A121,'[1]Exportaciones por Rubros'!$A$8:$A$37,'[1]Exportaciones por Rubros'!E$8:E$37) -> 252.982 | G121: =_xlfn.XLOOKUP($A121,'[1]Exportaciones por Rubros'!$A$8:$A$37,'[1]Exportaciones por Rubros'!F$8:F$37) -> 296.087 | H121: =_xlfn.XLOOKUP($A121,'[1]Exportaciones por Rubros'!$A$8:$A$37,'[1]Exportaciones por Rubros'!G$8:G$37) -> 253.872 | I121: =_xlfn.XLOOKUP($A121,'[1]Exportaciones por Rubros'!$A$8:$A$37,'[1]Exportaciones por Rubros'!H$8:H$37) -> 215.35 | J121: =_xlfn.XLOOKUP($A121,'[1]Exportaciones por Rubros'!$A$8:$A$37,'[1]Exportaciones por Rubros'!I$8:I$37) -> 277.172 | ... AH121: =_xlfn.XLOOKUP($A121,'[1]Exportaciones por Rubros'!$A$8:$A$37,'[1]Exportaciones por Rubros'!AG$8:AG$37) -> 733.15762 | AI121: 707.79944
A122: Buenos Aires | B122: empresas | F122: 134877 | G122: 136134 | H122: 137013 | I122: 139076 | J122: 131675 | K122: 125664 | L122: 119367 | M122: 128940 | N122: 152295 | O122: 166069 | P122: 179290 | Q122: 188754 | R122: 196049 | S122: 197285 | T122: 200292 | U122: 203634 | V122: 204088 | W122: 203737 | X122: 202312 | Y122: 203385 | Z122: 203245 | AA122: 203802 | AB122: 199193 | AC122: 193598 | AD122: 184914 | AE122: 185419 | AF122: 197935 | AG122: 197385
A123: CABA | B123: empresas | F123: 115137 | G123: 119528 | H123: 119887 | I123: 118297 | J123: 109954 | K123: 106447 | L123: 101321 | M123: 106521 | N123: 121207 | O123: 127412 | P123: 132888 | Q123: 137268 | R123: 139614 | S123: 139618 | T123: 141350 | U123: 142592 | V123: 142534 | W123: 142759 | X123: 142302 | Y123: 143216 | Z123: 142902 | AA123: 143270 | AB123: 141654 | AC123: 138289 | AD123: 132466 | AE123: 131129 | AF123: 137502 | AG123: 136091
A124: Catamarca | B124: empresas | F124: 2112 | G124: 2185 | H124: 2182 | I124: 2185 | J124: 2144 | K124: 2138 | L124: 1980 | M124: 2161 | N124: 2348 | O124: 2575 | P124: 2825 | Q124: 3011 | R124: 3184 | S124: 3138 | T124: 3253 | U124: 3313 | V124: 3371 | W124: 3437 | X124: 3414 | Y124: 3494 | Z124: 3470 | AA124: 3690 | AB124: 3507 | AC124: 3261 | AD124: 3088 | AE124: 3136 | AF124: 3531 | AG124: 3868
A125: Chaco | B125: empresas | F125: 8530 | G125: 8343 | H125: 8182 | I125: 8116 | J125: 8422 | K125: 7577 | L125: 6709 | M125: 6839 | N125: 7200 | O125: 7475 | P125: 7948 | Q125: 8284 | R125: 8868 | S125: 9082 | T125: 8723 | U125: 9337 | V125: 9517 | W125: 9711 | X125: 9636 | Y125: 9683 | Z125: 9836 | AA125: 9823 | AB125: 9750 | AC125: 9354 | AD125: 9000 | AE125: 9009 | AF125: 9694 | AG125: 10252
A126: Chubut | B126: empresas | F126: 4400 | G126: 4539 | H126: 5445 | I126: 6006 | J126: 6631 | K126: 6308 | L126: 5996 | M126: 6543 | N126: 7358 | O126: 7938 | P126: 8422 | Q126: 8749 | R126: 9076 | S126: 9147 | T126: 9362 | U126: 9462 | V126: 9481 | W126: 9469 | X126: 9545 | Y126: 9643 | Z126: 9620 | AA126: 9490 | AB126: 9242 | AC126: 9004 | AD126: 8669 | AE126: 8736 | AF126: 9136 | AG126: 8922
A127: Córdoba | B127: empresas | F127: 38616 | G127: 39223 | H127: 39502 | I127: 38975 | J127: 39039 | K127: 38476 | L127: 37018 | M127: 41071 | N127: 46804 | O127: 50753 | P127: 54626 | Q127: 57875 | R127: 60584 | S127: 60989 | T127: 61364 | U127: 62234 | V127: 62160 | W127: 61528 | X127: 60722 | Y127: 60169 | Z127: 60097 | AA127: 59998 | AB127: 59200 | AC127: 57502 | AD127: 54369 | AE127: 54456 | AF127: 57048 | AG127: 58123
A128: Corrientes | B128: empresas | F128: 6588 | G128: 6482 | H128: 6622 | I128: 6554 | J128: 6097 | K128: 5943 | L128: 5539 | M128: 5876 | N128: 6428 | O128: 7299 | P128: 7662 | Q128: 8017 | R128: 8518 | S128: 8653 | T128: 8842 | U128: 9308 | V128: 9425 | W128: 9542 | X128: 9597 | Y128: 9712 | Z128: 9786 | AA128: 9849 | AB128: 9739 | AC128: 9445 | AD128: 9066 | AE128: 9156 | AF128: 10098 | AG128: 10451
A129: Entre Ríos | B129: empresas | F129: 12882 | G129: 13178 | H129: 13068 | I129: 12893 | J129: 12687 | K129: 12333 | L129: 11654 | M129: 12718 | N129: 14264 | O129: 15645 | P129: 16864 | Q129: 17866 | R129: 18746 | S129: 18656 | T129: 19044 | U129: 19577 | V129: 19496 | W129: 19369 | X129: 19064 | Y129: 19012 | Z129: 18783 | AA129: 18776 | AB129: 18270 | AC129: 17742 | AD129: 17293 | AE129: 17399 | AF129: 18318 | AG129: 18743
A130: Formosa | B130: empresas | F130: 1955 | G130: 1922 | H130: 1933 | I130: 1997 | J130: 2174 | K130: 1991 | L130: 1864 | M130: 1940 | N130: 2039 | O130: 2242 | P130: 2430 | Q130: 2573 | R130: 2750 | S130: 2784 | T130: 2895 | U130: 2980 | V130: 2986 | W130: 3018 | X130: 3027 | Y130: 3056 | Z130: 3081 | AA130: 3068 | AB130: 2964 | AC130: 2852 | AD130: 2755 | AE130: 2771 | AF130: 2931 | AG130: 2893
A131: Jujuy | B131: empresas | F131: 3041 | G131: 3050 | H131: 3123 | I131: 3171 | J131: 3276 | K131: 3121 | L131: 2955 | M131: 3094 | N131: 3376 | O131: 3645 | P131: 4013 | Q131: 4270 | R131: 4582 | S131: 4892 | T131: 5112 | U131: 5164 | V131: 5208 | W131: 5263 | X131: 5317 | Y131: 5414 | Z131: 5477 | AA131: 5557 | AB131: 5544 | AC131: 5308 | AD131: 5109 | AE131: 5152 | AF131: 5397 | AG131: 5454
A132: La Pampa | B132: empresas | F132: 6044 | G132: 6025 | H132: 5903 | I132: 5719 | J132: 5502 | K132: 5383 | L132: 5231 | M132: 5578 | N132: 6202 | O132: 6728 | P132: 7042 | Q132: 7320 | R132: 7422 | S132: 7176 | T132: 7135 | U132: 7299 | V132: 7303 | W132: 7293 | X132: 7107 | Y132: 7069 | Z132: 7150 | AA132: 7149 | AB132: 7052 | AC132: 6921 | AD132: 6687 | AE132: 6763 | AF132: 7155 | AG132: 7153
A133: La Rioja | B133: empresas | F133: 1757 | G133: 1867 | H133: 1951 | I133: 1998 | J133: 1978 | K133: 2003 | L133: 1841 | M133: 1907 | N133: 2072 | O133: 2225 | P133: 2324 | Q133: 2502 | R133: 2559 | S133: 2610 | T133: 2715 | U133: 2775 | V133: 2732 | W133: 2774 | X133: 2776 | Y133: 2792 | Z133: 2836 | AA133: 2826 | AB133: 2786 | AC133: 2652 | AD133: 2534 | AE133: 2573 | AF133: 2988 | AG133: 3342
... A169: Tucumán | B169: empresas_indus | F169: 712 | G169: 711 | H169: 742 | I169: 757 | J169: 739 | K169: 682 | L169: 638 | M169: 649 | N169: 686 | O169: 719 | P169: 742 | Q169: 855 | R169: 930 | S169: 940 | T169: 948 | U169: 975 | V169: 952 | W169: 934 | X169: 916 | Y169: 902 | Z169: 912 | AA169: 910 | AB169: 886 | AC169: 856 | AD169: 828 | AE169: 836 | AF169: 834 | AG169: 831

Sheet trim
A1: provincia | B1: variable | C1: I-96 | D1: II-96 | E1: III-96 | F1: IV-96 | G1: I-97 | H1: II-97 | I1: III-97 | J1: IV-97 | K1: I-98 | L1: II-98 | M1: III-98 | N1: IV-98 | O1: I-99 | P1: II-99 | Q1: III-99 | R1: IV-99 | S1: I-00 | T1: II-00 | U1: III-00 | V1: IV-00 | W1: I-01 | X1: II-01 | Y1: III-01 | Z1: IV-01 | AA1: I-02 | AB1: II-02 | AC1: III-02 | AD1: IV-02 | AE1: I-03 | AF1: II-03 | AG1: III-03 | AH1: IV-03 | AI1: I-04 | AJ1: II-04 | AK1: III-04 | AL1: IV-04 | AM1: I-05 | AN1: II-05 | AO1: III-05 | AP1: IV-05 | AQ1: I-06 | AR1: II-06 | AS1: III-06 | AT1: IV-06 | AU1: I-07 | AV1: II-07 | AW1: III-07 | AX1: IV-07 | AY1: I-08 | AZ1: II-08 | BA1: III-08 | BB1: IV-08 | BC1: I-09 | BD1: II-09 | BE1: III-09 | BF1: IV-09 | BG1: I-10 | BH1: II-10 | BI1: III-10 | BJ1: IV-10 | BK1: I-11 | BL1: II-11 | BM1: III-11 | BN1: IV-11 | BO1: I-12 | BP1: II-12 | BQ1: III-12 | BR1: IV-12 | BS1: I-13 | BT1: II-13 | BU1: III-13 | BV1: IV-13 | BW1: I-14 | BX1: II-14 | BY1: III-14 | BZ1: IV-14 | CA1: I-15 | CB1: II-15 | CC1: III-15 | CD1: IV-15 | CE1: I-16 | CF1: II-16 | CG1: III-16 | CH1: IV-16 | CI1: I-17 | CJ1: II-17 | CK1: III-17 | CL1: IV-17 | CM1: I-18 | CN1: II-18 | CO1: III-18 | CP1: IV-18 | CQ1: I-19 | CR1: II-19 | CS1: III-19 | CT1: IV-19 | CU1: I-20 | CV1: II-20 | CW1: III-20 | CX1: IV-20 | CY1: I-21 | CZ1: II-21 | DA1: III-21 | DB1: IV-21 | DC1: I-22 | DD1: II-22 | DE1: III-22 | DF1: IV-22 | DG1: I-23 | DH1: II-23 | DI1: III-23 | DJ1: IV-23 | DK1: I-24 | DL1: II-24 | DM1: III-24 | DN1: IV-24 | DO1: I-25 | DP1: II-25
A2: Buenos Aires | B2: empleo_indus | C2: 357520 | D2: 357526 | E2: 361794 | F2: 365827 | G2: 367217 | H2: 368433 | I2: 370351 | J2: 376750 | K2: 375488 | L2: 379729 | M2: 368590 | N2: 365318 | O2: 360321 | P2: 346593 | Q2: 341008 | R2: 366670 | S2: 348288 | T2: 340125 | U2: 339106 | V2: 340871 | W2: 338276 | X2: 329101 | Y2: 323373 | Z2: 313351 | AA2: 297650 | AB2: 290217 | AC2: 289539 | AD2: 294253 | AE2: 299526 | AF2: 305768 | AG2: 317367 | AH2: 330093 | AI2: 340317 | AJ2: 346199 | AK2: 358737 | AL2: 373425 | AM2: 381107 | AN2: 388940 | AO2: 398055 | AP2: 411062 | AQ2: 417056 | AR2: 422984 | AS2: 433142 | AT2: 442875 | AU2: 451670 | AV2: 455806 | AW2: 466128 | AX2: 478321 | AY2: 487625 | AZ2: 492279 | BA2: 497372 | BB2: 498135 | BC2: 488182 | BD2: 481285 | BE2: 481696 | BF2: 488730 | BG2: 492444 | BH2: 493167 | BI2: 497976 | BJ2: 504632 | BK2: 509403 | BL2: 511600 | BM2: 518641 | BN2: 525896 | BO2: 527691 | BP2: 525791 | BQ2: 526951 | BR2: 533310 | BS2: 535955 | BT2: 533393 | BU2: 535235 | BV2: 539632 | BW2: 536634 | BX2: 531468 | BY2: 528450 | BZ2: 531518 | CA2: 532232 | CB2: 534411 | CC2: 538119 | CD2: 539226 | CE2: 537861 | CF2: 530141 | CG2: 526481 | CH2: 526988 | CI2: 526121 | CJ2: 522486 | CK2: 520760 | CL2: 522125 | CM2: 521584 | CN2: 513676 | CO2: 504938 | CP2: 498411 | CQ2: 494968 | CR2: 486137 | CS2: 481831 | CT2: 480685 | CU2: 479340 | CV2: 473319 | CW2: 478218 | CX2: 482736 | CY2: 491387 | CZ2: 494630 | DA2: 497862 | DB2: 504344 | DC2: 516442 | DD2: 522537 | DE2: 527731 | DF2: 531879 | DG2: 539967 | DH2: 540053 | DI2: 542798 | DJ2: 542178 | DK2: 539273 | DL2: 528737 | DM2: 524628 | DN2: 526819 | DO2: 526473 | DP2: 521976
A3: CABA | B3: empleo_indus | C3: 181119 | D3: 184594 | E3: 184131 | F3: 187230 | G3: 187428 | H3: 190681 | I3: 191369 | J3: 193323 | K3: 193022 | L3: 201122 | M3: 196745 | N3: 194780 | O3: 194574 | P3: 192775 | Q3: 189998 | R3: 193546 | S3: 168789 | T3: 166024 | U3: 164277 | V3: 162578 | W3: 162367 | X3: 160378 | Y3: 156607 | Z3: 149228 | AA3: 140398 | AB3: 135970 | AC3: 134050 | AD3: 136253 | AE3: 137607 | AF3: 139864 | AG3: 146127 | AH3: 152042 | AI3: 155826 | AJ3: 159509 | AK3: 164809 | AL3: 169442 | AM3: 172253 | AN3: 176675 | AO3: 180343 | AP3: 185342 | AQ3: 187450 | AR3: 192248 | AS3: 195639 | AT3: 201670 | AU3: 203473 | AV3: 205920 | AW3: 210735 | AX3: 214745 | AY3: 214437 | AZ3: 217344 | BA3: 219630 | BB3: 219879 | BC3: 216521 | BD3: 213305 | BE3: 211786 | BF3: 212577 | BG3: 211874 | BH3: 214296 | BI3: 215959 | BJ3: 217536 | BK3: 216369 | BL3: 217342 | BM3: 218715 | BN3: 221012 | BO3: 218085 | BP3: 216445 | BQ3: 214768 | BR3: 214891 | BS3: 212990 | BT3: 212777 | BU3: 212925 | BV3: 213486 | BW3: 212924 | BX3: 210630 | BY3: 210239 | BZ3: 210806 | CA3: 211764 | CB3: 214009 | CC3: 214421 | CD3: 215034 | CE3: 213066 | CF3: 210583 | CG3: 207643 | CH3: 206473 | CI3: 203600 | CJ3: 201749 | CK3: 200856 | CL3: 200662 | CM3: 198677 | CN3: 194160 | CO3: 190405 | CP3: 186396 | CQ3: 183994 | CR3: 181081 | CS3: 178801 | CT3: 177611 | CU3: 174299 | CV3: 170561 | CW3: 170690 | CX3: 170987 | CY3: 170676 | CZ3: 169945 | DA3: 169899 | DB3: 172273 | DC3: 173186 | DD3: 176193 | DE3: 177024 | DF3: 177702 | DG3: 178690 | DH3: 180061 | DI3: 182596 | DJ3: 182890 | DK3: 179012 | DL3: 176133 | DM3: 176982 | DN3: 177161 | DO3: 176045 | DP3: 175596
A4: Catamarca | B4: empleo_indus | C4: 4993 | D4: 4776 | E4: 4856 | F4: 5457 | G4: 6139 | H4: 5869 | I4: 5709 | J4: 6333 | K4: 6406 | L4: 6976 | M4: 6884 | N4: 7160 | O4: 7151 | P4: 7625 | Q4: 7606 | R4: 8371 | S4: 6251 | T4: 6172 | U4: 5951 | V4: 6098 | W4: 5660 | X4: 5651 | Y4: 5615 | Z4: 5531 | AA4: 5049 | AB4: 4879 | AC4: 4965 | AD4: 5065 | AE4: 5140 | AF4: 5159 | AG4: 5133 | AH4: 5273 | AI4: 5762 | AJ4: 5952 | AK4: 5926 | AL4: 5987 | AM4: 6054 | AN4: 6264 | AO4: 6252 | AP4: 6435 | AQ4: 6454 | AR4: 6492 | AS4: 6437 | AT4: 6369 | AU4: 6301 | AV4: 6406 | AW4: 6304 | AX4: 6293 | AY4: 6294 | AZ4: 6375 | BA4: 6158 | BB4: 6009 | BC4: 5966 | BD4: 5854 | BE4: 5919 | BF4: 6010 | BG4: 6102 | BH4: 6325 | BI4: 6500 | BJ4: 6257 | BK4: 6485 | BL4: 6473 | BM4: 6564 | BN4: 6436 | BO4: 6376 | BP4: 6401 | BQ4: 6270 | BR4: 6501 | BS4: 6203 | BT4: 6313 | BU4: 6352 | BV4: 6512 | BW4: 6426 | BX4: 7013 | BY4: 6959 | BZ4: 6957 | CA4: 6824 | CB4: 6735 | CC4: 6542 | CD4: 6477 | CE4: 6234 | CF4: 6159 | CG4: 6091 | CH4: 6053 | CI4: 6273 | CJ4: 6336 | CK4: 6131 | CL4: 5959 | CM4: 5817 | CN4: 5637 | CO4: 5511 | CP4: 5440 | CQ4: 5273 | CR4: 5157 | CS4: 4778 | CT4: 4724 | CU4: 4865 | CV4: 4655 | CW4: 4697 | CX4: 4843 | CY4: 5076 | CZ4: 5326 | DA4: 5207 | DB4: 5456 | DC4: 5667 | DD4: 5786 | DE4: 6030 | DF4: 6128 | DG4: 6211 | DH4: 6452 | DI4: 6629 | DJ4: 6635 | DK4: 6371 | DL4: 6140 | DM4: 6423 | DN4: 6525 | DO4: 6574 | DP4: 6553
A5: Chaco | B5: empleo_indus | C5: 6519 | D5: 7918 | E5: 8068 | F5: 6831 | G5: 7101 | H5: 8344 | I5: 7377 | J5: 6689 | K5: 6609 | L5: 7360 | M5: 7360 | N5: 6333 | O5: 5990 | P5: 6444 | Q5: 5711 | R5: 5392 | S5: 5570 | T5: 6228 | U5: 6063 | V5: 5634 | W5: 5736 | X5: 6178 | Y5: 5604 | Z5: 4929 | AA5: 4664 | AB5: 5050 | AC5: 4811 | AD5: 4650 | AE5: 4834 | AF5: 5183 | AG5: 5050 | AH5: 5038 | AI5: 5388 | AJ5: 5725 | AK5: 5561 | AL5: 5625 | AM5: 5815 | AN5: 6053 | AO5: 5742 | AP5: 5685 | AQ5: 5820 | AR5: 6458 | AS5: 6518 | AT5: 6130 | AU5: 6374 | AV5: 6859 | AW5: 6677 | AX5: 6486 | AY5: 6744 | AZ5: 7448 | BA5: 7161 | BB5: 7052 | BC5: 7064 | BD5: 7881 | BE5: 7873 | BF5: 7708 | BG5: 7279 | BH5: 7791 | BI5: 7925 | BJ5: 7462 | BK5: 7301 | BL5: 7940 | BM5: 8235 | BN5: 8094 | BO5: 7841 | BP5: 8132 | BQ5: 7931 | BR5: 7794 | BS5: 7837 | BT5: 8108 | BU5: 8072 | BV5: 7863 | BW5: 7796 | BX5: 8212 | BY5: 8357 | BZ5: 8143 | CA5: 8070 | CB5: 8321 | CC5: 8347 | CD5: 7995 | CE5: 7955 | CF5: 8358 | CG5: 8329 | CH5: 7871 | CI5: 7870 | CJ5: 7951 | CK5: 8038 | CL5: 7993 | CM5: 7968 | CN5: 8145 | CO5: 8028 | CP5: 7885 | CQ5: 7815 | CR5: 7846 | CS5: 7859 | CT5: 7612 | CU5: 7450 | CV5: 7476 | CW5: 7545 | CX5: 7310 | CY5: 7326 | CZ5: 7600 | DA5: 7310 | DB5: 7127 | DC5: 7187 | DD5: 7448 | DE5: 7573 | DF5: 7485 | DG5: 7598 | DH5: 8053 | DI5: 7985 | DJ5: 7599 | DK5: 7397 | DL5: 7522 | DM5: 7480 | DN5: 7203 | DO5: 7179 | DP5: 7304
A6: Chubut | B6: empleo_indus | C6: 7546 | D6: 6731 | E6: 6477 | F6: 6424 | G6: 6818 | H6: 6531 | I6: 6621 | J6: 7155 | K6: 7792 | L6: 8715 | M6: 8239 | N6: 8217 | O6: 8451 | P6: 8014 | Q6: 7523 | R6: 8273 | S6: 8240 | T6: 8114 | U6: 7954 | V6: 8182 | W6: 8196 | X6: 8217 | Y6: 8036 | Z6: 7790 | AA6: 7743 | AB6: 7695 | AC6: 7591 | AD6: 8119 | AE6: 8697 | AF6: 8752 | AG6: 9172 | AH6: 9598 | AI6: 10120 | AJ6: 10196 | AK6: 10117 | AL6: 10454 | AM6: 10840 | AN6: 10599 | AO6: 10435 | AP6: 11197 | AQ6: 11862 | AR6: 11755 | AS6: 12112 | AT6: 12264 | AU6: 12527 | AV6: 12492 | AW6: 12620 | AX6: 12797 | AY6: 13280 | AZ6: 13086 | BA6: 12893 | BB6: 12843 | BC6: 12770 | BD6: 12083 | BE6: 11742 | BF6: 11623 | BG6: 11803 | BH6: 11765 | BI6: 11885 | BJ6: 11889 | BK6: 12119 | BL6: 12186 | BM6: 12255 | BN6: 12438 | BO6: 12379 | BP6: 11912 | BQ6: 12342 | BR6: 12562 | BS6: 12494 | BT6: 12104 | BU6: 12326 | BV6: 12712 | BW6: 12864 | BX6: 12837 | BY6: 13261 | BZ6: 13673 | CA6: 13605 | CB6: 13011 | CC6: 13227 | CD6: 13293 | CE6: 13688 | CF6: 13054 | CG6: 13188 | CH6: 13169 | CI6: 13563 | CJ6: 12565 | CK6: 12940 | CL6: 12791 | CM6: 13187 | CN6: 12422 | CO6: 13430 | CP6: 13080 | CQ6: 13641 | CR6: 12539 | CS6: 13768 | CT6: 13254 | CU6: 14015 | CV6: 12232 | CW6: 13200 | CX6: 13726 | CY6: 13971 | CZ6: 12865 | DA6: 13923 | DB6: 13406 | DC6: 14300 | DD6: 12939 | DE6: 13823 | DF6: 13431 | DG6: 14402 | DH6: 13052 | DI6: 14122 | DJ6: 13728 | DK6: 15280 | DL6: 13653 | DM6: 14533 | DN6: 14802 | DO6: 15538 | DP6: 12584
A7: Córdoba | B7: empleo_indus | C7: 67161 | D7: 69086 | E7: 71192 | F7: 73171 | G7: 73578 | H7: 76509 | I7: 79289 | J7: 80876 | K7: 79847 | L7: 82026 | M7: 81550 | N7: 79779 | O7: 76292 | P7: 73843 | Q7: 72090 | R7: 73765 | S7: 70559 | T7: 70446 | U7: 69038 | V7: 68730 | W7: 67544 | X7: 66815 | Y7: 64948 | Z7: 63061 | AA7: 58313 | AB7: 57521 | AC7: 56645 | AD7: 57397 | AE7: 58447 | AF7: 60047 | AG7: 62272 | AH7: 64982 | AI7: 66197 | AJ7: 68727 | AK7: 70726 | AL7: 73310 | AM7: 74332 | AN7: 76835 | AO7: 78721 | AP7: 81633 | AQ7: 83018 | AR7: 83843 | AS7: 85410 | AT7: 87648 | AU7: 88245 | AV7: 89943 | AW7: 92540 | AX7: 95672 | AY7: 97636 | AZ7: 99842 | BA7: 100725 | BB7: 100701 | BC7: 97197 | BD7: 95574 | BE7: 96344 | BF7: 98039 | BG7: 98430 | BH7: 99630 | BI7: 101419 | BJ7: 103023 | BK7: 104359 | BL7: 106641 | BM7: 108190 | BN7: 109613 | BO7: 109054 | BP7: 108511 | BQ7: 109136 | BR7: 110116 | BS7: 110669 | BT7: 110975 | BU7: 112318 | BV7: 112472 | BW7: 112292 | BX7: 110340 | BY7: 109720 | BZ7: 109459 | CA7: 110178 | CB7: 110403 | CC7: 110915 | CD7: 110728 | CE7: 110846 | CF7: 109519 | CG7: 109038 | CH7: 107974 | CI7: 108749 | CJ7: 108605 | CK7: 109182 | CL7: 110015 | CM7: 110219 | CN7: 109580 | CO7: 108221 | CP7: 106635 | CQ7: 105122 | CR7: 103855 | CS7: 102936 | CT7: 101871 | CU7: 100554 | CV7: 99885 | CW7: 100967 | CX7: 102516 | CY7: 104446 | CZ7: 106090 | DA7: 106822 | DB7: 109157 | DC7: 109306 | DD7: 111751 | DE7: 113479 | DF7: 114232 | DG7: 115722 | DH7: 117331 | DI7: 117966 | DJ7: 116968 | DK7: 114967 | DL7: 113409 | DM7: 113105 | DN7: 113441 | DO7: 114552 | DP7: 114453
A8: Corrientes | B8: empleo_indus | C8: 7392 | D8: 7194 | E8: 7210 | F8: 7484 | G8: 7668 | H8: 7756 | I8: 7741 | J8: 7662 | K8: 7420 | L8: 7720 | M8: 8336 | N8: 7609 | O8: 7619 | P8: 6395 | Q8: 6247 | R8: 7676 | S8: 7566 | T8: 7293 | U8: 7001 | V8: 6953 | W8: 7317 | X8: 7443 | Y8: 7955 | Z8: 6738 | AA8: 7211 | AB8: 6770 | AC8: 7186 | AD8: 7268 | AE8: 7232 | AF8: 7713 | AG8: 7771 | AH8: 7782 | AI8: 7772 | AJ8: 8245 | AK8: 8445 | AL8: 8571 | AM8: 8781 | AN8: 9310 | AO8: 9468 | AP8: 9235 | AQ8: 9319 | AR8: 9994 | AS8: 10572 | AT8: 10019 | AU8: 9963 | AV8: 10476 | AW8: 10707 | AX8: 10513 | AY8: 10720 | AZ8: 11070 | BA8: 11096 | BB8: 11214 | BC8: 10919 | BD8: 11120 | BE8: 11238 | BF8: 11300 | BG8: 11286 | BH8: 11530 | BI8: 11181 | BJ8: 11281 | BK8: 11164 | BL8: 11400 | BM8: 11409 | BN8: 11694 | BO8: 11585 | BP8: 11325 | BQ8: 11434 | BR8: 11593 | BS8: 11410 | BT8: 11566 | BU8: 11570 | BV8: 11833 | BW8: 11557 | BX8: 12121 | BY8: 12332 | BZ8: 12401 | CA8: 12315 | CB8: 12304 | CC8: 12537 | CD8: 12679 | CE8: 12350 | CF8: 11802 | CG8: 12287 | CH8: 12488 | CI8: 12088 | CJ8: 12178 | CK8: 12512 | CL8: 12367 | CM8: 12253 | CN8: 12291 | CO8: 12265 | CP8: 12527 | CQ8: 12316 | CR8: 12373 | CS8: 12653 | CT8: 12702 | CU8: 11928 | CV8: 11758 | CW8: 12262 | CX8: 12583 | CY8: 12494 | CZ8: 12810 | DA8: 13243 | DB8: 13249 | DC8: 13220 | DD8: 13329 | DE8: 14096 | DF8: 13925 | DG8: 13830 | DH8: 13663 | DI8: 13820 | DJ8: 13631 | DK8: 13533 | DL8: 13302 | DM8: 13525 | DN8: 13555 | DO8: 13447 | DP8: 13218
A9: Entre Ríos | B9: empleo_indus | C9: 17222 | D9: 17322 | E9: 16678 | F9: 17008 | G9: 17120 | H9: 17044 | I9: 17010 | J9: 17746 | K9: 17393 | L9: 17025 | M9: 16578 | N9: 16984 | O9: 16900 | P9: 16376 | Q9: 15583 | R9: 16091 | S9: 15747 | T9: 15493 | U9: 15308 | V9: 14782 | W9: 14869 | X9: 14898 | Y9: 14675 | Z9: 14223 | AA9: 13442 | AB9: 13098 | AC9: 13111 | AD9: 13280 | AE9: 13612 | AF9: 13915 | AG9: 14610 | AH9: 15402 | AI9: 15862 | AJ9: 16238 | AK9: 16479 | AL9: 17413 | AM9: 18012 | AN9: 18115 | AO9: 18501 | AP9: 19394 | AQ9: 19831 | AR9: 20081 | AS9: 20634 | AT9: 21717 | AU9: 22160 | AV9: 22264 | AW9: 22777 | AX9: 23681 | AY9: 23947 | AZ9: 23902 | BA9: 24206 | BB9: 24332 | BC9: 24607 | BD9: 24312 | BE9: 25075 | BF9: 25044 | BG9: 25101 | BH9: 25048 | BI9: 25261 | BJ9: 25420 | BK9: 25936 | BL9: 26113 | BM9: 26498 | BN9: 27507 | BO9: 27627 | BP9: 27493 | BQ9: 27712 | BR9: 28228 | BS9: 28370 | BT9: 28140 | BU9: 28150 | BV9: 28367 | BW9: 28384 | BX9: 28228 | BY9: 28384 | BZ9: 28655 | CA9: 28827 | CB9: 29118 | CC9: 29143 | CD9: 29178 | CE9: 29421 | CF9: 28971 | CG9: 28911 | CH9: 28995 | CI9: 28959 | CJ9: 28967 | CK9: 28564 | CL9: 28781 | CM9: 28936 | CN9: 28948 | CO9: 28846 | CP9: 28778 | CQ9: 28565 | CR9: 28705 | CS9: 28576 | CT9: 28277 | CU9: 28357 | CV9: 28013 | CW9: 28445 | CX9: 28962 | CY9: 29463 | CZ9: 29503 | DA9: 29799 | DB9: 30196 | DC9: 30600 | DD9: 30755 | DE9: 31227 | DF9: 31573 | DG9: 31706 | DH9: 31705 | DI9: 31698 | DJ9: 31676 | DK9: 31633 | DL9: 31089 | DM9: 30860 | DN9: 31038 | DO9: 30989 | DP9: 30840
A10: Formosa | B10: empleo_indus | C10: 1463 | D10: 1585 | E10: 1572 | F10: 1518 | G10: 1587 | H10: 1616 | I10: 1629 | J10: 1567 | K10: 1572 | L10: 1654 | M10: 1688 | N10: 1656 | O10: 1422 | P10: 1430 | Q10: 1435 | R10: 1436 | S10: 1378 | T10: 1326 | U10: 1334 | V10: 1255 | W10: 1283 | X10: 1276 | Y10: 1245 | Z10: 1149 | AA10: 1089 | AB10: 1067 | AC10: 1064 | AD10: 1031 | AE10: 976 | AF10: 1036 | AG10: 1066 | AH10: 1160 | AI10: 1178 | AJ10: 1236 | AK10: 1274 | AL10: 1359 | AM10: 1269 | AN10: 1316 | AO10: 1327 | AP10: 1513 | AQ10: 1499 | AR10: 1562 | AS10: 1392 | AT10: 1476 | AU10: 1516 | AV10: 1561 | AW10: 1617 | AX10: 1582 | AY10: 1617 | AZ10: 1653 | BA10: 1621 | BB10: 1649 | BC10: 1653 | BD10: 1707 | BE10: 1713 | BF10: 1668 | BG10: 1608 | BH10: 1625 | BI10: 1595 | BJ10: 1622 | BK10: 1739 | BL10: 1734 | BM10: 1721 | BN10: 1745 | BO10: 1699 | BP10: 1726 | BQ10: 1837 | BR10: 1826 | BS10: 1711 | BT10: 1718 | BU10: 1696 | BV10: 1652 | BW10: 1673 | BX10: 1683 | BY10: 1691 | BZ10: 1681 | CA10: 1715 | CB10: 1723 | CC10: 1743 | CD10: 1792 | CE10: 1773 | CF10: 1869 | CG10: 1823 | CH10: 1796 | CI10: 1830 | CJ10: 1836 | CK10: 1810 | CL10: 1810 | CM10: 1797 | CN10: 1758 | CO10: 1714 | CP10: 1702 | CQ10: 1670 | CR10: 1643 | CS10: 1630 | CT10: 1613 | CU10: 1653 | CV10: 1677 | CW10: 1653 | CX10: 1720 | CY10: 1791 | CZ10: 1748 | DA10: 1602 | DB10: 1621 | DC10: 1716 | DD10: 1786 | DE10: 1851 | DF10: 1834 | DG10: 1785 | DH10: 1720 | DI10: 1744 | DJ10: 1703 | DK10: 1698 | DL10: 1666 | DM10: 1639 | DN10: 1681 | DO10: 1677 | DP10: 1695
A11: Jujuy | B11: empleo_indus | C11: 9125 | D11: 9251 | E11: 9467 | F11: 10684 | G11: 9809 | H11: 10281 | I11: 9382 | J11: 9057 | K11: 8423 | L11: 9053 | M11: 9208 | N11: 8385 | O11: 7531 | P11: 8033 | Q11: 8825 | R11: 10128 | S11: 7797 | T11: 8584 | U11: 10742 | V11: 8819 | W11: 7526 | X11: 8843 | Y11: 10754 | Z11: 8765 | AA11: 6926 | AB11: 8245 | AC11: 9850 | AD11: 8278 | AE11: 8666 | AF11: 9653 | AG11: 11257 | AH11: 10008 | AI11: 9673 | AJ11: 10429 | AK11: 11919 | AL11: 10475 | AM11: 10133 | AN11: 10884 | AO11: 12027 | AP11: 10449 | AQ11: 9455 | AR11: 10654 | AS11: 12037 | AT11: 10735 | AU11: 9527 | AV11: 10906 | AW11: 12261 | AX11: 11018 | AY11: 9849 | AZ11: 11471 | BA11: 12387 | BB11: 11108 | BC11: 10336 | BD11: 11845 | BE11: 13217 | BF11: 12126 | BG11: 10499 | BH11: 12173 | BI11: 12558 | BJ11: 12505 | BK11: 12679 | BL11: 13312 | BM11: 13312 | BN11: 13232 | BO11: 12547 | BP11: 12717 | BQ11: 12722 | BR11: 12735 | BS11: 12106 | BT11: 12480 | BU11: 12324 | BV11: 12345 | BW11: 11574 | BX11: 12127 | BY11: 12624 | BZ11: 12670 | CA11: 12430 | CB11: 12844 | CC11: 12631 | CD11: 12414 | CE11: 12201 | CF11: 12362 | CG11: 12404 | CH11: 12360 | CI11: 12138 | CJ11: 12638 | CK11: 12634 | CL11: 12355 | CM11: 11949 | CN11: 12146 | CO11: 11922 | CP11: 11960 | CQ11: 11462 | CR11: 11390 | CS11: 11028 | CT11: 11149 | CU11: 11436 | CV11: 12120 | CW11: 12147 | CX11: 11685 | CY11: 11432 | CZ11: 11852 | DA11: 11814 | DB11: 11597 | DC11: 11778 | DD11: 11967 | DE11: 11851 | DF11: 11690 | DG11: 11606 | DH11: 11558 | DI11: 11467 | DJ11: 11238 | DK11: 11288 | DL11: 11357 | DM11: 11344 | DN11: 11154 | DO11: 11266 | DP11: 10891
A12: La Pampa | B12: empleo_indus | C12: 2430 | D12: 2486 | E12: 2496 | F12: 2506 | G12: 2511 | H12: 2631 | I12: 2614 | J12: 2978 | K12: 2952 | L12: 3070 | M12: 2990 | N12: 2902 | O12: 2967 | P12: 2666 | Q12: 2659 | R12: 2577 | S12: 2370 | T12: 2295 | U12: 2257 | V12: 2192 | W12: 2221 | X12: 2192 | Y12: 2221 | Z12: 2148 | AA12: 2085 | AB12: 2084 | AC12: 2150 | AD12: 2222 | AE12: 2342 | AF12: 2372 | AG12: 2454 | AH12: 2590 | AI12: 2822 | AJ12: 2654 | AK12: 2723 | AL12: 2855 | AM12: 2928 | AN12: 3039 | AO12: 3137 | AP12: 3163 | AQ12: 3262 | AR12: 3253 | AS12: 3248 | AT12: 3322 | AU12: 3417 | AV12: 3431 | AW12: 3598 | AX12: 3624 | AY12: 3759 | AZ12: 3905 | BA12: 3926 | BB12: 4025 | BC12: 4054 | BD12: 4086 | BE12: 4037 | BF12: 4058 | BG12: 4031 | BH12: 3954 | BI12: 3843 | BJ12: 3896 | BK12: 3969 | BL12: 3848 | BM12: 3907 | BN12: 3886 | BO12: 3840 | BP12: 4333 | BQ12: 4180 | BR12: 4191 | BS12: 4236 | BT12: 4267 | BU12: 4287 | BV12: 4180 | BW12: 4127 | BX12: 4220 | BY12: 4317 | BZ12: 4373 | CA12: 4456 | CB12: 4575 | CC12: 4636 | CD12: 4713 | CE12: 4830 | CF12: 4870 | CG12: 4967 | CH12: 4863 | CI12: 4923 | CJ12: 4840 | CK12: 4407 | CL12: 4437 | CM12: 4530 | CN12: 4674 | CO12: 4609 | CP12: 4339 | CQ12: 4416 | CR12: 4427 | CS12: 4476 | CT12: 4487 | CU12: 4384 | CV12: 4264 | CW12: 4404 | CX12: 4474 | CY12: 4592 | CZ12: 4689 | DA12: 4815 | DB12: 4779 | DC12: 4974 | DD12: 5175 | DE12: 5523 | DF12: 5330 | DG12: 5381 | DH12: 5380 | DI12: 5556 | DJ12: 5568 | DK12: 5678 | DL12: 5468 | DM12: 5494 | DN12: 5480 | DO12: 5291 | DP12: 5125
A13: La Rioja | B13: empleo_indus | C13: 6566 | D13: 6614 | E13: 6591 | F13: 6774 | G13: 7432 | H13: 7532 | I13: 7750 | J13: 7742 | K13: 8193 | L13: 8352 | M13: 8213 | N13: 7898 | O13: 8016 | P13: 7812 | Q13: 7912 | R13: 8236 | S13: 8080 | T13: 7941 | U13: 7846 | V13: 7907 | W13: 8003 | X13: 7885 | Y13: 7855 | Z13: 7581 | AA13: 7414 | AB13: 7335 | AC13: 7431 | AD13: 7631 | AE13: 7975 | AF13: 8066 | AG13: 8076 | AH13: 8375 | AI13: 6341 | AJ13: 6309 | AK13: 6366 | AL13: 6505 | AM13: 6929 | AN13: 7331 | AO13: 7165 | AP13: 7221 | AQ13: 7435 | AR13: 7662 | AS13: 7424 | AT13: 7597 | AU13: 8161 | AV13: 7997 | AW13: 7790 | AX13: 7850 | AY13: 8099 | AZ13: 7919 | BA13: 7685 | BB13: 7425 | BC13: 7855 | BD13: 6860 | BE13: 6906 | BF13: 6967 | BG13: 9544 | BH13: 9430 | BI13: 8915 | BJ13: 9531 | BK13: 10485 | BL13: 10976 | BM13: 9621 | BN13: 9749 | BO13: 10406 | BP13: 9987 | BQ13: 9568 | BR13: 9728 | BS13: 9353 | BT13: 9131 | BU13: 8015 | BV13: 7968 | BW13: 8893 | BX13: 8347 | BY13: 7700 | BZ13: 7509 | CA13: 9527 | CB13: 9647 | CC13: 8256 | CD13: 8003 | CE13: 9521 | CF13: 8854 | CG13: 7960 | CH13: 7746 | CI13: 8861 | CJ13: 8444 | CK13: 7242 | CL13: 7207 | CM13: 7400 | CN13: 7046 | CO13: 6472 | CP13: 6268 | CQ13: 7383 | CR13: 7273 | CS13: 6533 | CT13: 6415 | CU13: 6967 | CV13: 6695 | CW13: 6010 | CX13: 5943 | CY13: 6897 | CZ13: 6798 | DA13: 6341 | DB13: 6430 | DC13: 8212 | DD13: 8645 | DE13: 8262 | DF13: 8425 | DG13: 9039 | DH13: 9545 | DI13: 8894 | DJ13: 8775 | DK13: 9155 | DL13: 8991 | DM13: 8326 | DN13: 8272 | DO13: 8763 | DP13: 8454
... A49: Tucumán | B49: empleo | C49: 70722 | D49: 76515 | E49: 85439 | F49: 81647 | G49: 77533 | H49: 87906 | I49: 93715 | J49: 86231 | K49: 81429 | L49: 89594 | M49: 94230 | N49: 89583 | O49: 80400 | P49: 86090 | Q49: 93817 | R49: 95488 | S49: 83741 | T49: 92017 | U49: 99542 | V49: 91159 | W49: 85379 | X49: 97052 | Y49: 103323 | Z49: 88769 | AA49: 78922 | AB49: 91017 | AC49: 95385 | AD49: 80973 | AE49: 80727 | AF49: 98153 | AG49: 103622 | AH49: 88451 | AI49: 88251 | AJ49: 109941 | AK49: 114511 | AL49: 100850 | AM49: 99384 | AN49: 123808 | AO49: 128683 | AP49: 113271 | AQ49: 107701 | AR49: 129863 | AS49: 136765 | AT49: 124834 | AU49: 117718 | AV49: 141571 | AW49: 150097 | AX49: 149540 | AY49: 142820 | AZ49: 172617 | BA49: 170668 | BB49: 158408 | BC49: 141264 | BD49: 163988 | BE49: 168349 | BF49: 156834 | BG49: 140590 | BH49: 162669 | BI49: 167415 | BJ49: 156833 | BK49: 148354 | BL49: 171064 | BM49: 173950 | BN49: 169211 | BO49: 158524 | BP49: 174972 | BQ49: 177256 | BR49: 165426 | BS49: 159085 | BT49: 175267 | BU49: 174860 | BV49: 161126 | BW49: 153623 | BX49: 167522 | BY49: 172942 | BZ49: 167104 | CA49: 162149 | CB49: 175557 | CC49: 178569 | CD49: 172701 | CE49: 166686 | CF49: 179470 | CG49: 183803 | CH49: 178882 | CI49: 171857 | CJ49: 185945 | CK49: 188371 | CL49: 185596 | CM49: 180198 | CN49: 191532 | CO49: 197267 | CP49: 189494 | CQ49: 180093 | CR49: 193900 | CS49: 192288 | CT49: 184350 | CU49: 176073 | CV49: 185965 | CW49: 183451 | CX49: 176431 | CY49: 173576 | CZ49: 187866 | DA49: 190027 | DB49: 180958 | DC49: 180307 | DD49: 189544 | DE49: 185466 | DF49: 179219 | DG49: 174171 | DH49: 185125 | DI49: 182847 | DJ49: 176187 | DK49: 171884 | DL49: 184436 | DM49: 182374 | DN49: 175973 | DO49: 173654 | DP49: 187000

Sheet art
A1: Provincia | B1: 44136 | C1: 44166 | D1: 44197 | E1: 44228 | F1: 44256 | G1: 44287 | H1: 44317 | I1: 44348 | J1: 44378 | K1: 44409 | L1: 44440 | M1: 44470 | N1: 44501 | O1: 44531 | P1: 44562 | Q1: 44593 | R1: 44621 | S1: 44652 | T1: 44682 | U1: 44713 | V1: 44743 | W1: 44774 | X1: 44805 | Y1: 44835 | Z1: 44866 | AA1: 44896 | AB1: 44927 | AC1: 44958 | AD1: 44986 | AE1: 45017 | AF1: 45047 | AG1: 45078 | AH1: 45108 | AI1: 45139 | AJ1: 45170 | AK1: 45200 | AL1: 45231 | AM1: 45261 | AN1: 45292 | AO1: 45323 | AP1: 45352 | AQ1: 45383 | AR1: 45413 | AS1: 45444 | AT1: 45474 | AU1: 45505 | AV1: 45536 | AW1: 45566 | AX1: 45597 | AY1: 45627 | AZ1: 45658 | BA1: 45689 | BB1: 45717 | BC1: 45748 | BD1: 45778 | BE1: 45809 | BF1: 45839 | BG1: 45870 | BH1: 45901 | BI1: 45931
A2: Buenos Aires | B2: 0.034 | C2: 0.034 | D2: 0.034 | E2: 0.0335 | F2: 0.033 | G2: 0.032 | H2: 0.033 | I2: 0.033 | J2: 0.033 | K2: 0.033 | L2: 0.033 | M2: 0.032 | N2: 0.032 | O2: 0.032 | P2: 0.032 | Q2: 0.032 | R2: 0.032 | S2: 0.03 | T2: 0.031 | U2: 0.032 | V2: 0.031 | W2: 0.032 | X2: 0.032 | Y2: 0.031 | Z2: 0.031 | AA2: 0.031 | AB2: 0.031 | AC2: 0.031 | AD2: 0.031 | AE2: 0.03 | AF2: 0.031 | AG2: 0.032 | AH2: 0.032 | AI2: 0.033 | AJ2: 0.033 | AK2: 0.032 | AL2: 0.032 | AM2: 0.033 | AN2: 0.032 | AO2: 0.032 | AP2: 0.032 | AQ2: 0.031 | AR2: 0.032 | AS2: 0.033 | AT2: 0.033 | AU2: 0.034 | AV2: 0.034 | AW2: 0.033 | AX2: 0.034 | AY2: 0.034 | AZ2: 0.034 | BA2: 0.034 | BB2: 0.035 | BC2: 0.035 | BD2: 0.036 | BE2: 0.036 | BF2: 0.037 | BG2: 0.038 | BH2: 0.038 | BI2: 0.038
A3: CABA | B3: 0.028 | C3: 0.028 | D3: 0.028 | E3: 0.0275 | F3: 0.027 | G3: 0.026 | H3: 0.027 | I3: 0.027 | J3: 0.027 | K3: 0.027 | L3: 0.027 | M3: 0.027 | N3: 0.027 | O3: 0.027 | P3: 0.027 | Q3: 0.027 | R3: 0.026 | S3: 0.025 | T3: 0.026 | U3: 0.027 | V3: 0.026 | W3: 0.026 | X3: 0.027 | Y3: 0.026 | Z3: 0.026 | AA3: 0.026 | AB3: 0.026 | AC3: 0.026 | AD3: 0.026 | AE3: 0.025 | AF3: 0.026 | AG3: 0.026 | AH3: 0.027 | AI3: 0.026 | AJ3: 0.027 | AK3: 0.027 | AL3: 0.028 | AM3: 0.027 | AN3: 0.027 | AO3: 0.027 | AP3: 0.027 | AQ3: 0.026 | AR3: 0.027 | AS3: 0.028 | AT3: 0.027 | AU3: 0.028 | AV3: 0.028 | AW3: 0.027 | AX3: 0.028 | AY3: 0.028 | AZ3: 0.029 | BA3: 0.028 | BB3: 0.029 | BC3: 0.028 | BD3: 0.029 | BE3: 0.031 | BF3: 0.03 | BG3: 0.031 | BH3: 0.032 | BI3: 0.031
A4: Catamarca | B4: 0.032 | C4: 0.031 | D4: 0.03 | E4: 0.0305 | F4: 0.031 | G4: 0.032 | H4: 0.032 | I4: 0.032 | J4: 0.032 | K4: 0.031 | L4: 0.033 | M4: 0.032 | N4: 0.032 | O4: 0.031 | P4: 0.03 | Q4: 0.032 | R4: 0.031 | S4: 0.031 | T4: 0.032 | U4: 0.032 | V4: 0.031 | W4: 0.032 | X4: 0.031 | Y4: 0.031 | Z4: 0.031 | AA4: 0.031 | AB4: 0.03 | AC4: 0.033 | AD4: 0.032 | AE4: 0.033 | AF4: 0.032 | AG4: 0.033 | AH4: 0.032 | AI4: 0.033 | AJ4: 0.033 | AK4: 0.033 | AL4: 0.033 | AM4: 0.032 | AN4: 0.031 | AO4: 0.035 | AP4: 0.034 | AQ4: 0.033 | AR4: 0.033 | AS4: 0.034 | AT4: 0.034 | AU4: 0.034 | AV4: 0.035 | AW4: 0.035 | AX4: 0.035 | AY4: 0.034 | AZ4: 0.034 | BA4: 0.035 | BB4: 0.034 | BC4: 0.035 | BD4: 0.036 | BE4: 0.037 | BF4: 0.036 | BG4: 0.037 | BH4: 0.039 | BI4: 0.039
A5: Chaco | B5: 0.052 | C5: 0.05 | D5: 0.05 | E5: 0.05 | F5: 0.05 | G5: 0.049 | H5: 0.05 | I5: 0.05 | J5: 0.051 | K5: 0.051 | L5: 0.05 | M5: 0.05 | N5: 0.048 | O5: 0.048 | P5: 0.05 | Q5: 0.05 | R5: 0.05 | S5: 0.049 | T5: 0.05 | U5: 0.049 | V5: 0.051 | W5: 0.052 | X5: 0.05 | Y5: 0.052 | Z5: 0.051 | AA5: 0.05 | AB5: 0.05 | AC5: 0.051 | AD5: 0.051 | AE5: 0.053 | AF5: 0.052 | AG5: 0.052 | AH5: 0.052 | AI5: 0.054 | AJ5: 0.054 | AK5: 0.055 | AL5: 0.055 | AM5: 0.054 | AN5: 0.054 | AO5: 0.053 | AP5: 0.053 | AQ5: 0.054 | AR5: 0.052 | AS5: 0.055 | AT5: 0.054 | AU5: 0.055 | AV5: 0.054 | AW5: 0.052 | AX5: 0.051 | AY5: 0.051 | AZ5: 0.051 | BA5: 0.051 | BB5: 0.053 | BC5: 0.054 | BD5: 0.055 | BE5: 0.055 | BF5: 0.055 | BG5: 0.057 | BH5: 0.056 | BI5: 0.057
A6: Chubut | B6: 0.041 | C6: 0.042 | D6: 0.044 | E6: 0.045 | F6: 0.046 | G6: 0.042 | H6: 0.042 | I6: 0.043 | J6: 0.044 | K6: 0.046 | L6: 0.045 | M6: 0.043 | N6: 0.041 | O6: 0.043 | P6: 0.044 | Q6: 0.044 | R6: 0.042 | S6: 0.042 | T6: 0.041 | U6: 0.042 | V6: 0.042 | W6: 0.043 | X6: 0.044 | Y6: 0.041 | Z6: 0.04 | AA6: 0.042 | AB6: 0.044 | AC6: 0.045 | AD6: 0.043 | AE6: 0.041 | AF6: 0.04 | AG6: 0.04 | AH6: 0.04 | AI6: 0.042 | AJ6: 0.042 | AK6: 0.041 | AL6: 0.039 | AM6: 0.04 | AN6: 0.044 | AO6: 0.044 | AP6: 0.043 | AQ6: 0.041 | AR6: 0.04 | AS6: 0.042 | AT6: 0.044 | AU6: 0.046 | AV6: 0.046 | AW6: 0.043 | AX6: 0.043 | AY6: 0.047 | AZ6: 0.046 | BA6: 0.046 | BB6: 0.047 | BC6: 0.045 | BD6: 0.046 | BE6: 0.047 | BF6: 0.046 | BG6: 0.045 | BH6: 0.053 | BI6: 0.053
A7: Córdoba | B7: 0.037 | C7: 0.036 | D7: 0.035 | E7: 0.0355 | F7: 0.036 | G7: 0.035 | H7: 0.035 | I7: 0.035 | J7: 0.035 | K7: 0.035 | L7: 0.035 | M7: 0.035 | N7: 0.035 | O7: 0.034 | P7: 0.034 | Q7: 0.034 | R7: 0.034 | S7: 0.034 | T7: 0.034 | U7: 0.034 | V7: 0.034 | W7: 0.034 | X7: 0.034 | Y7: 0.035 | Z7: 0.034 | AA7: 0.034 | AB7: 0.034 | AC7: 0.034 | AD7: 0.033 | AE7: 0.035 | AF7: 0.034 | AG7: 0.036 | AH7: 0.036 | AI7: 0.036 | AJ7: 0.037 | AK7: 0.037 | AL7: 0.037 | AM7: 0.037 | AN7: 0.036 | AO7: 0.037 | AP7: 0.036 | AQ7: 0.036 | AR7: 0.038 | AS7: 0.038 | AT7: 0.039 | AU7: 0.039 | AV7: 0.039 | AW7: 0.039 | AX7: 0.039 | AY7: 0.039 | AZ7: 0.039 | BA7: 0.039 | BB7: 0.039 | BC7: 0.04 | BD7: 0.041 | BE7: 0.042 | BF7: 0.042 | BG7: 0.043 | BH7: 0.044 | BI7: 0.044
A8: Corrientes | B8: 0.035 | C8: 0.036 | D8: 0.035 | E8: 0.035 | F8: 0.035 | G8: 0.035 | H8: 0.034 | I8: 0.035 | J8: 0.036 | K8: 0.037 | L8: 0.037 | M8: 0.037 | N8: 0.037 | O8: 0.037 | P8: 0.038 | Q8: 0.038 | R8: 0.038 | S8: 0.035 | T8: 0.037 | U8: 0.039 | V8: 0.039 | W8: 0.039 | X8: 0.04 | Y8: 0.039 | Z8: 0.037 | AA8: 0.038 | AB8: 0.037 | AC8: 0.036 | AD8: 0.037 | AE8: 0.037 | AF8: 0.038 | AG8: 0.039 | AH8: 0.039 | AI8: 0.039 | AJ8: 0.039 | AK8: 0.039 | AL8: 0.038 | AM8: 0.038 | AN8: 0.038 | AO8: 0.039 | AP8: 0.04 | AQ8: 0.04 | AR8: 0.04 | AS8: 0.042 | AT8: 0.042 | AU8: 0.043 | AV8: 0.042 | AW8: 0.043 | AX8: 0.042 | AY8: 0.043 | AZ8: 0.042 | BA8: 0.042 | BB8: 0.043 | BC8: 0.041 | BD8: 0.043 | BE8: 0.045 | BF8: 0.045 | BG8: 0.046 | BH8: 0.046 | BI8: 0.045
A9: Entre Ríos | B9: 0.046 | C9: 0.045 | D9: 0.044 | E9: 0.0435 | F9: 0.043 | G9: 0.044 | H9: 0.043 | I9: 0.044 | J9: 0.045 | K9: 0.045 | L9: 0.045 | M9: 0.044 | N9: 0.043 | O9: 0.043 | P9: 0.043 | Q9: 0.043 | R9: 0.043 | S9: 0.043 | T9: 0.043 | U9: 0.043 | V9: 0.044 | W9: 0.043 | X9: 0.044 | Y9: 0.044 | Z9: 0.042 | AA9: 0.043 | AB9: 0.043 | AC9: 0.043 | AD9: 0.043 | AE9: 0.044 | AF9: 0.043 | AG9: 0.045 | AH9: 0.045 | AI9: 0.045 | AJ9: 0.045 | AK9: 0.045 | AL9: 0.045 | AM9: 0.045 | AN9: 0.045 | AO9: 0.046 | AP9: 0.046 | AQ9: 0.046 | AR9: 0.046 | AS9: 0.046 | AT9: 0.046 | AU9: 0.047 | AV9: 0.047 | AW9: 0.046 | AX9: 0.047 | AY9: 0.046 | AZ9: 0.046 | BA9: 0.046 | BB9: 0.045 | BC9: 0.046 | BD9: 0.046 | BE9: 0.047 | BF9: 0.047 | BG9: 0.048 | BH9: 0.048 | BI9: 0.049
A10: Formosa | B10: 0.034 | C10: 0.032 | D10: 0.029 | E10: 0.0305 | F10: 0.032 | G10: 0.033 | H10: 0.032 | I10: 0.037 | J10: 0.034 | K10: 0.035 | L10: 0.034 | M10: 0.031 | N10: 0.033 | O10: 0.033 | P10: 0.029 | Q10: 0.032 | R10: 0.032 | S10: 0.033 | T10: 0.033 | U10: 0.034 | V10: 0.034 | W10: 0.035 | X10: 0.034 | Y10: 0.036 | Z10: 0.034 | AA10: 0.038 | AB10: 0.033 | AC10: 0.036 | AD10: 0.037 | AE10: 0.037 | AF10: 0.038 | AG10: 0.041 | AH10: 0.037 | AI10: 0.037 | AJ10: 0.037 | AK10: 0.037 | AL10: 0.036 | AM10: 0.035 | AN10: 0.034 | AO10: 0.034 | AP10: 0.036 | AQ10: 0.035 | AR10: 0.035 | AS10: 0.037 | AT10: 0.036 | AU10: 0.033 | AV10: 0.034 | AW10: 0.034 | AX10: 0.033 | AY10: 0.033 | AZ10: 0.033 | BA10: 0.033 | BB10: 0.036 | BC10: 0.038 | BD10: 0.038 | BE10: 0.04 | BF10: 0.039 | BG10: 0.041 | BH10: 0.042 | BI10: 0.042
A11: Jujuy | B11: 0.023 | C11: 0.023 | D11: 0.024 | E11: 0.024 | F11: 0.024 | G11: 0.025 | H11: 0.025 | I11: 0.025 | J11: 0.022 | K11: 0.022 | L11: 0.022 | M11: 0.022 | N11: 0.02 | O11: 0.023 | P11: 0.022 | Q11: 0.024 | R11: 0.025 | S11: 0.025 | T11: 0.024 | U11: 0.024 | V11: 0.022 | W11: 0.023 | X11: 0.023 | Y11: 0.022 | Z11: 0.022 | AA11: 0.023 | AB11: 0.024 | AC11: 0.025 | AD11: 0.026 | AE11: 0.025 | AF11: 0.026 | AG11: 0.026 | AH11: 0.024 | AI11: 0.024 | AJ11: 0.024 | AK11: 0.025 | AL11: 0.023 | AM11: 0.025 | AN11: 0.028 | AO11: 0.028 | AP11: 0.028 | AQ11: 0.028 | AR11: 0.028 | AS11: 0.029 | AT11: 0.027 | AU11: 0.027 | AV11: 0.028 | AW11: 0.026 | AX11: 0.028 | AY11: 0.027 | AZ11: 0.032 | BA11: 0.032 | BB11: 0.033 | BC11: 0.034 | BD11: 0.033 | BE11: 0.034 | BF11: 0.034 | BG11: 0.033 | BH11: 0.034 | BI11: 0.033
A12: La Pampa | B12: 0.05 | C12: 0.05 | D12: 0.05 | E12: 0.0495 | F12: 0.049 | G12: 0.049 | H12: 0.049 | I12: 0.048 | J12: 0.048 | K12: 0.048 | L12: 0.048 | M12: 0.047 | N12: 0.047 | O12: 0.048 | P12: 0.045 | Q12: 0.047 | R12: 0.047 | S12: 0.046 | T12: 0.045 | U12: 0.046 | V12: 0.046 | W12: 0.046 | X12: 0.047 | Y12: 0.047 | Z12: 0.046 | AA12: 0.046 | AB12: 0.046 | AC12: 0.046 | AD12: 0.045 | AE12: 0.046 | AF12: 0.046 | AG12: 0.047 | AH12: 0.047 | AI12: 0.047 | AJ12: 0.047 | AK12: 0.048 | AL12: 0.047 | AM12: 0.048 | AN12: 0.047 | AO12: 0.046 | AP12: 0.046 | AQ12: 0.046 | AR12: 0.046 | AS12: 0.048 | AT12: 0.048 | AU12: 0.047 | AV12: 0.049 | AW12: 0.049 | AX12: 0.049 | AY12: 0.049 | AZ12: 0.048 | BA12: 0.047 | BB12: 0.048 | BC12: 0.048 | BD12: 0.048 | BE12: 0.05 | BF12: 0.05 | BG12: 0.05 | BH12: 0.051 | BI12: 0.052
... A25: Tucumán | B25: 0.03 | C25: 0.029 | D25: 0.028 | E25: 0.028 | F25: 0.028 | G25: 0.029 | H25: 0.028 | I25: 0.028 | J25: 0.028 | K25: 0.028 | L25: 0.029 | M25: 0.029 | N25: 0.029 | O25: 0.028 | P25: 0.027 | Q25: 0.028 | R25: 0.028 | S25: 0.027 | T25: 0.027 | U25: 0.028 | V25: 0.028 | W25: 0.029 | X25: 0.029 | Y25: 0.028 | Z25: 0.027 | AA25: 0.028 | AB25: 0.027 | AC25: 0.026 | AD25: 0.028 | AE25: 0.028 | AF25: 0.028 | AG25: 0.029 | AH25: 0.03 | AI25: 0.03 | AJ25: 0.031 | AK25: 0.03 | AL25: 0.03 | AM25: 0.029 | AN25: 0.029 | AO25: 0.029 | AP25: 0.03 | AQ25: 0.029 | AR25: 0.03 | AS25: 0.03 | AT25: 0.032 | AU25: 0.032 | AV25: 0.032 | AW25: 0.032 | AX25: 0.031 | AY25: 0.032 | AZ25: 0.031 | BA25: 0.029 | BB25: 0.031 | BC25: 0.032 | BD25: 0.031 | BE25: 0.033 | BF25: 0.033 | BG25: 0.035 | BH25: 0.035 | BI25: 0.036

Sheet vabporsector
A1: provincia | B1: variable | C1: 2004 | D1: 2005 | E1: 2006 | F1: 2007 | G1: 2008 | H1: 2009 | I1: 2010 | J1: 2011 | K1: 2012 | L1: 2013 | M1: 2014 | N1: 2015 | O1: 2016 | P1: 2017 | Q1: 2018 | R1: 2019 | S1: 2020 | T1: 2021 | U1: 2022 | V1: 2023
A2: Buenos Aires | B2: Agricultura, ganaderia, caza y silvicultura | C2: =SUM('[2]Buenos Aires'!C7:C8) -> 11743.85 | D2: =SUM('[2]Buenos Aires'!D7:D8) -> 14030.291 | E2: =SUM('[2]Buenos Aires'!E7:E8) -> 13444.128 | F2: =SUM('[2]Buenos Aires'!F7:F8) -> 13798.096 | G2: =SUM('[2]Buenos Aires'!G7:G8) -> 14265.893 | H2: =SUM('[2]Buenos Aires'!H7:H8) -> 9845.2566 | I2: =SUM('[2]Buenos Aires'!I7:I8) -> 15363.857 | J2: =SUM('[2]Buenos Aires'!J7:J8) -> 15732.189 | ... V2: =SUM('[2]Buenos Aires'!V7:V8) -> 11491.681
A3: Buenos Aires | B3: Pesca y servicios conexos | C3: ='[2]Buenos Aires'!C9 -> 458.77334 | D3: ='[2]Buenos Aires'!D9 -> 447.61856 | E3: ='[2]Buenos Aires'!E9 -> 613.18154 | F3: ='[2]Buenos Aires'!F9 -> 570.16729 | G3: ='[2]Buenos Aires'!G9 -> 638.29237 | H3: ='[2]Buenos Aires'!H9 -> 543.8246 | I3: ='[2]Buenos Aires'!I9 -> 568.62792 | J3: ='[2]Buenos Aires'!J9 -> 567.49051 | ... V3: ='[2]Buenos Aires'!V9 -> 710.60121
A4: Buenos Aires | B4: Explotacion de minas y canteras | C4: =SUM('[2]Buenos Aires'!C10:C11) -> 345.12862 | D4: =SUM('[2]Buenos Aires'!D10:D11) -> 408.12596 | E4: =SUM('[2]Buenos Aires'!E10:E11) -> 454.11377 | F4: =SUM('[2]Buenos Aires'!F10:F11) -> 446.90378 | G4: =SUM('[2]Buenos Aires'!G10:G11) -> 431.09043 | H4: =SUM('[2]Buenos Aires'!H10:H11) -> 466.86716 | I4: =SUM('[2]Buenos Aires'!I10:I11) -> 501.56166 | J4: =SUM('[2]Buenos Aires'!J10:J11) -> 474.81193 | ... V4: =SUM('[2]Buenos Aires'!V10:V11) -> 634.27287
A5: Buenos Aires | B5: Industria manufacturera | C5: =SUM('[2]Buenos Aires'!C12:C35) -> 43772.662 | D5: =SUM('[2]Buenos Aires'!D12:D35) -> 47111.497 | E5: =SUM('[2]Buenos Aires'!E12:E35) -> 51234.002 | F5: =SUM('[2]Buenos Aires'!F12:F35) -> 54907.221 | G5: =SUM('[2]Buenos Aires'!G12:G35) -> 57029.616 | H5: =SUM('[2]Buenos Aires'!H12:H35) -> 53104.955 | I5: =SUM('[2]Buenos Aires'!I12:I35) -> 59203.49 | J5: =SUM('[2]Buenos Aires'!J12:J35) -> 63157.457 | ... V5: =SUM('[2]Buenos Aires'!V12:V35) -> 57965.056
A6: Buenos Aires | B6: Electricidad, gas y agua | C6: =SUM('[2]Buenos Aires'!C36:C38) -> 2969.6338 | D6: =SUM('[2]Buenos Aires'!D36:D38) -> 3146.9759 | E6: =SUM('[2]Buenos Aires'!E36:E38) -> 3291.6964 | F6: =SUM('[2]Buenos Aires'!F36:F38) -> 3335.9835 | G6: =SUM('[2]Buenos Aires'!G36:G38) -> 3458.4493 | H6: =SUM('[2]Buenos Aires'!H36:H38) -> 3272.4365 | I6: =SUM('[2]Buenos Aires'!I36:I38) -> 3339.3157 | J6: =SUM('[2]Buenos Aires'!J36:J38) -> 3453.4038 | ... V6: =SUM('[2]Buenos Aires'!V36:V38) -> 4171.8719
A7: Buenos Aires | B7: Construccion | C7: ='[2]Buenos Aires'!C39 -> 4354.1428 | D7: ='[2]Buenos Aires'!D39 -> 4536.5902 | E7: ='[2]Buenos Aires'!E39 -> 5286.9146 | F7: ='[2]Buenos Aires'!F39 -> 5857.0103 | G7: ='[2]Buenos Aires'!G39 -> 6239.0011 | H7: ='[2]Buenos Aires'!H39 -> 5604.9311 | I7: ='[2]Buenos Aires'!I39 -> 6192.1955 | J7: ='[2]Buenos Aires'!J39 -> 6656.3013 | ... V7: ='[2]Buenos Aires'!V39 -> 6654.61
A8: Buenos Aires | B8: Comercio al por mayor y al por menor | C8: ='[2]Buenos Aires'!C40 -> 18983.731 | D8: ='[2]Buenos Aires'!D40 -> 21038.39 | E8: ='[2]Buenos Aires'!E40 -> 23319.094 | F8: ='[2]Buenos Aires'!F40 -> 25489.167 | G8: ='[2]Buenos Aires'!G40 -> 26995.645 | H8: ='[2]Buenos Aires'!H40 -> 24737.254 | I8: ='[2]Buenos Aires'!I40 -> 28354.546 | J8: ='[2]Buenos Aires'!J40 -> 31335.859 | ... V8: ='[2]Buenos Aires'!V40 -> 31061.141
A9: Buenos Aires | B9: Hotelería y restaurantes | C9: =SUM('[2]Buenos Aires'!C41:C42) -> 1557.3925 | D9: =SUM('[2]Buenos Aires'!D41:D42) -> 1828.405 | E9: =SUM('[2]Buenos Aires'!E41:E42) -> 2075.4841 | F9: =SUM('[2]Buenos Aires'!F41:F42) -> 2404.7242 | G9: =SUM('[2]Buenos Aires'!G41:G42) -> 2393.9934 | H9: =SUM('[2]Buenos Aires'!H41:H42) -> 2343.6984 | I9: =SUM('[2]Buenos Aires'!I41:I42) -> 2597.5913 | J9: =SUM('[2]Buenos Aires'!J41:J42) -> 2763.5936 | ... V9: =SUM('[2]Buenos Aires'!V41:V42) -> 2716.5941
A10: Buenos Aires | B10: Transporte, de almacenamiento y de comunicaciones | C10: =SUM('[2]Buenos Aires'!C43:C44) -> 9772.6463 | D10: =SUM('[2]Buenos Aires'!D43:D44) -> 11000.289 | E10: =SUM('[2]Buenos Aires'!E43:E44) -> 12193.518 | F10: =SUM('[2]Buenos Aires'!F43:F44) -> 13813.354 | G10: =SUM('[2]Buenos Aires'!G43:G44) -> 14754.224 | H10: =SUM('[2]Buenos Aires'!H43:H44) -> 14709.406 | I10: =SUM('[2]Buenos Aires'!I43:I44) -> 16486.444 | J10: =SUM('[2]Buenos Aires'!J43:J44) -> 17984.086 | ... V10: =SUM('[2]Buenos Aires'!V43:V44) -> 20161.892
A11: Buenos Aires | B11: Intermediacion financiera y otros servicios financieros | C11: =SUM('[2]Buenos Aires'!C45:C47) -> 2694.9939 | D11: =SUM('[2]Buenos Aires'!D45:D47) -> 2980.2572 | E11: =SUM('[2]Buenos Aires'!E45:E47) -> 3325.0225 | F11: =SUM('[2]Buenos Aires'!F45:F47) -> 3694.438 | G11: =SUM('[2]Buenos Aires'!G45:G47) -> 3884.5124 | H11: =SUM('[2]Buenos Aires'!H45:H47) -> 3809.445 | I11: =SUM('[2]Buenos Aires'!I45:I47) -> 3914.4534 | J11: =SUM('[2]Buenos Aires'!J45:J47) -> 4394.36 | ... V11: =SUM('[2]Buenos Aires'!V45:V47) -> 4226.7929
A12: Buenos Aires | B12: Servicios inmobiliarios, empresariales y de alquiler | C12: =SUM('[2]Buenos Aires'!C48:C49) -> 16241.108 | D12: =SUM('[2]Buenos Aires'!D48:D49) -> 16867.364 | E12: =SUM('[2]Buenos Aires'!E48:E49) -> 17738.488 | F12: =SUM('[2]Buenos Aires'!F48:F49) -> 18602.107 | G12: =SUM('[2]Buenos Aires'!G48:G49) -> 19380.704 | H12: =SUM('[2]Buenos Aires'!H48:H49) -> 19045.123 | I12: =SUM('[2]Buenos Aires'!I48:I49) -> 19859.083 | J12: =SUM('[2]Buenos Aires'!J48:J49) -> 20549.258 | ... V12: =SUM('[2]Buenos Aires'!V48:V49) -> 23415.058
A13: Buenos Aires | B13: Administración pública | C13: ='[2]Buenos Aires'!C50 -> 5581.8623 | D13: ='[2]Buenos Aires'!D50 -> 6084.1056 | E13: ='[2]Buenos Aires'!E50 -> 6322.4792 | F13: ='[2]Buenos Aires'!F50 -> 6680.7795 | G13: ='[2]Buenos Aires'!G50 -> 7083.7311 | H13: ='[2]Buenos Aires'!H50 -> 7288.991 | I13: ='[2]Buenos Aires'!I50 -> 7425.4993 | J13: ='[2]Buenos Aires'!J50 -> 7524.7032 | ... V13: ='[2]Buenos Aires'!V50 -> 8896.8997
A14: Buenos Aires | B14: Enseñanza | C14: =SUM('[2]Buenos Aires'!C51:C52) -> 5434.9552 | D14: =SUM('[2]Buenos Aires'!D51:D52) -> 6026.8702 | E14: =SUM('[2]Buenos Aires'!E51:E52) -> 6164.3574 | F14: =SUM('[2]Buenos Aires'!F51:F52) -> 6352.4971 | G14: =SUM('[2]Buenos Aires'!G51:G52) -> 6771.974 | H14: =SUM('[2]Buenos Aires'!H51:H52) -> 7107.1233 | I14: =SUM('[2]Buenos Aires'!I51:I52) -> 7143.3392 | J14: =SUM('[2]Buenos Aires'!J51:J52) -> 7372.4172 | ... V14: =SUM('[2]Buenos Aires'!V51:V52) -> 9392.4606
A15: Buenos Aires | B15: Servicios sociales y de salud | C15: =SUM('[2]Buenos Aires'!C53:C54) -> 3282.9242 | D15: =SUM('[2]Buenos Aires'!D53:D54) -> 3564.0994 | E15: =SUM('[2]Buenos Aires'!E53:E54) -> 3495.1899 | F15: =SUM('[2]Buenos Aires'!F53:F54) -> 3714.5502 | G15: =SUM('[2]Buenos Aires'!G53:G54) -> 3996.4792 | H15: =SUM('[2]Buenos Aires'!H53:H54) -> 4409.2371 | I15: =SUM('[2]Buenos Aires'!I53:I54) -> 4515.4994 | J15: =SUM('[2]Buenos Aires'!J53:J54) -> 4621.433 | ... V15: =SUM('[2]Buenos Aires'!V53:V54) -> 5321.3113
A16: Buenos Aires | B16: Servicios comunitarios, sociales y personales n.c.p. | C16: =SUM('[2]Buenos Aires'!C55:C58) -> 4671.9832 | D16: =SUM('[2]Buenos Aires'!D55:D58) -> 5168.1225 | E16: =SUM('[2]Buenos Aires'!E55:E58) -> 5710.1338 | F16: =SUM('[2]Buenos Aires'!F55:F58) -> 6097.355 | G16: =SUM('[2]Buenos Aires'!G55:G58) -> 6337.0255 | H16: =SUM('[2]Buenos Aires'!H55:H58) -> 6389.2284 | I16: =SUM('[2]Buenos Aires'!I55:I58) -> 6730.9185 | J16: =SUM('[2]Buenos Aires'!J55:J58) -> 7009.5202 | ... V16: =SUM('[2]Buenos Aires'!V55:V58) -> 6255.9328
A17: CABA | B17: Agricultura, ganaderia, caza y silvicultura | C17: =SUM([2]CABA!C7:C8) -> 176.38724 | D17: =SUM([2]CABA!D7:D8) -> 188.63128 | E17: =SUM([2]CABA!E7:E8) -> 175.21403 | F17: =SUM([2]CABA!F7:F8) -> 198.39586 | G17: =SUM([2]CABA!G7:G8) -> 208.67355 | H17: =SUM([2]CABA!H7:H8) -> 137.78648 | I17: =SUM([2]CABA!I7:I8) -> 220.09954 | J17: =SUM([2]CABA!J7:J8) -> 205.28285 | ... V17: =SUM([2]CABA!V7:V8) -> 148.69116
A18: CABA | B18: Pesca y servicios conexos | C18: =[2]CABA!C9 -> 37.171342 | D18: =[2]CABA!D9 -> 36.583191 | E18: =[2]CABA!E9 -> 46.523975 | F18: =[2]CABA!F9 -> 44.771734 | G18: =[2]CABA!G9 -> 45.763808 | H18: =[2]CABA!H9 -> 32.035672 | I18: =[2]CABA!I9 -> 30.706791 | J18: =[2]CABA!J9 -> 29.307632 | ... V18: =[2]CABA!V9 -> 24.415739
A19: CABA | B19: Explotacion de minas y canteras | C19: =SUM([2]CABA!C10:C11) -> 809.60136 | D19: =SUM([2]CABA!D10:D11) -> 833.27767 | E19: =SUM([2]CABA!E10:E11) -> 909.28762 | F19: =SUM([2]CABA!F10:F11) -> 850.67741 | G19: =SUM([2]CABA!G10:G11) -> 845.21073 | H19: =SUM([2]CABA!H10:H11) -> 858.37545 | I19: =SUM([2]CABA!I10:I11) -> 881.3377 | J19: =SUM([2]CABA!J10:J11) -> 832.1734 | ... V19: =SUM([2]CABA!V10:V11) -> 850.0773
A20: CABA | B20: Industria manufacturera | C20: =SUM([2]CABA!C12:C35) -> 13764.677 | D20: =SUM([2]CABA!D12:D35) -> 14826.022 | E20: =SUM([2]CABA!E12:E35) -> 16137.553 | F20: =SUM([2]CABA!F12:F35) -> 17519.062 | G20: =SUM([2]CABA!G12:G35) -> 17985.041 | H20: =SUM([2]CABA!H12:H35) -> 16918.842 | I20: =SUM([2]CABA!I12:I35) -> 18290.161 | J20: =SUM([2]CABA!J12:J35) -> 19430.738 | ... V20: =SUM([2]CABA!V12:V35) -> 14250.502
A21: CABA | B21: Electricidad, gas y agua | C21: =SUM([2]CABA!C36:C38) -> 1568.2319 | D21: =SUM([2]CABA!D36:D38) -> 1641.6758 | E21: =SUM([2]CABA!E36:E38) -> 1696.6673 | F21: =SUM([2]CABA!F36:F38) -> 1758.3897 | G21: =SUM([2]CABA!G36:G38) -> 1819.5762 | H21: =SUM([2]CABA!H36:H38) -> 1955.841 | I21: =SUM([2]CABA!I36:I38) -> 1937.7275 | J21: =SUM([2]CABA!J36:J38) -> 1982.0877 | ... V21: =SUM([2]CABA!V36:V38) -> 2069.0262
A22: CABA | B22: Construccion | C22: =[2]CABA!C39 -> 2740.7942 | D22: =[2]CABA!D39 -> 3095.6244 | E22: =[2]CABA!E39 -> 3663.2418 | F22: =[2]CABA!F39 -> 4193.331 | G22: =[2]CABA!G39 -> 4484.1729 | H22: =[2]CABA!H39 -> 3863.7854 | I22: =[2]CABA!I39 -> 4264.0904 | J22: =[2]CABA!J39 -> 4475.2261 | ... V22: =[2]CABA!V39 -> 4206.6545
A23: CABA | B23: Comercio al por mayor y al por menor | C23: =[2]CABA!C40 -> 12780.194 | D23: =[2]CABA!D40 -> 14004.822 | E23: =[2]CABA!E40 -> 14739.32 | F23: =[2]CABA!F40 -> 17161.51 | G23: =[2]CABA!G40 -> 17956.689 | H23: =[2]CABA!H40 -> 16568.905 | I23: =[2]CABA!I40 -> 18444.272 | J23: =[2]CABA!J40 -> 20030.815 | ... V23: =[2]CABA!V40 -> 16346.7
A24: CABA | B24: Hotelería y restaurantes | C24: =SUM([2]CABA!C41:C42) -> 2746.7817 | D24: =SUM([2]CABA!D41:D42) -> 2938.5839 | E24: =SUM([2]CABA!E41:E42) -> 3079.9505 | F24: =SUM([2]CABA!F41:F42) -> 3343.111 | G24: =SUM([2]CABA!G41:G42) -> 3286.8102 | H24: =SUM([2]CABA!H41:H42) -> 3088.9819 | I24: =SUM([2]CABA!I41:I42) -> 3368.0012 | J24: =SUM([2]CABA!J41:J42) -> 3469.1274 | ... V24: =SUM([2]CABA!V41:V42) -> 2896.9207
A25: CABA | B25: Transporte, de almacenamiento y de comunicaciones | C25: =SUM([2]CABA!C43:C44) -> 8580.181 | D25: =SUM([2]CABA!D43:D44) -> 10030.471 | E25: =SUM([2]CABA!E43:E44) -> 11434.85 | F25: =SUM([2]CABA!F43:F44) -> 12968.734 | G25: =SUM([2]CABA!G43:G44) -> 13515.523 | H25: =SUM([2]CABA!H43:H44) -> 13383.726 | I25: =SUM([2]CABA!I43:I44) -> 14059.833 | J25: =SUM([2]CABA!J43:J44) -> 14149.093 | ... V25: =SUM([2]CABA!V43:V44) -> 11880.703
A26: CABA | B26: Intermediacion financiera y otros servicios financieros | C26: =SUM([2]CABA!C45:C47) -> 8395.4226 | D26: =SUM([2]CABA!D45:D47) -> 9183.6489 | E26: =SUM([2]CABA!E45:E47) -> 10514.773 | F26: =SUM([2]CABA!F45:F47) -> 12296.274 | G26: =SUM([2]CABA!G45:G47) -> 13071.671 | H26: =SUM([2]CABA!H45:H47) -> 13093.712 | I26: =SUM([2]CABA!I45:I47) -> 12956.225 | J26: =SUM([2]CABA!J45:J47) -> 13988.182 | ... V26: =SUM([2]CABA!V45:V47) -> 14010.706
A27: CABA | B27: Servicios inmobiliarios, empresariales y de alquiler | C27: =SUM([2]CABA!C48:C49) -> 17714.72 | D27: =SUM([2]CABA!D48:D49) -> 18836.539 | E27: =SUM([2]CABA!E48:E49) -> 20311.059 | F27: =SUM([2]CABA!F48:F49) -> 21665.875 | G27: =SUM([2]CABA!G48:G49) -> 23260.582 | H27: =SUM([2]CABA!H48:H49) -> 22319.788 | I27: =SUM([2]CABA!I48:I49) -> 23537.336 | J27: =SUM([2]CABA!J48:J49) -> 24647.915 | ... V27: =SUM([2]CABA!V48:V49) -> 27634.207
A28: CABA | B28: Administración pública | C28: =[2]CABA!C50 -> 4789.856 | D28: =[2]CABA!D50 -> 5108.6645 | E28: =[2]CABA!E50 -> 5086.2696 | F28: =[2]CABA!F50 -> 5332.4477 | G28: =[2]CABA!G50 -> 5464.7858 | H28: =[2]CABA!H50 -> 5941.3775 | I28: =[2]CABA!I50 -> 6339.472 | J28: =[2]CABA!J50 -> 6588.9926 | ... V28: =[2]CABA!V50 -> 7474.7679
A29: CABA | B29: Enseñanza | C29: =SUM([2]CABA!C51:C52) -> 2537.1354 | D29: =SUM([2]CABA!D51:D52) -> 2659.0254 | E29: =SUM([2]CABA!E51:E52) -> 2975.2686 | F29: =SUM([2]CABA!F51:F52) -> 3169.0381 | G29: =SUM([2]CABA!G51:G52) -> 3131.0137 | H29: =SUM([2]CABA!H51:H52) -> 3268.538 | I29: =SUM([2]CABA!I51:I52) -> 3416.9482 | J29: =SUM([2]CABA!J51:J52) -> 3392.095 | ... V29: =SUM([2]CABA!V51:V52) -> 4081.7227
A30: CABA | B30: Servicios sociales y de salud | C30: =SUM([2]CABA!C53:C54) -> 3792.3598 | D30: =SUM([2]CABA!D53:D54) -> 4220.0412 | E30: =SUM([2]CABA!E53:E54) -> 4453.1527 | F30: =SUM([2]CABA!F53:F54) -> 4702.0041 | G30: =SUM([2]CABA!G53:G54) -> 4899.2098 | H30: =SUM([2]CABA!H53:H54) -> 5299.4091 | I30: =SUM([2]CABA!I53:I54) -> 5505.6674 | J30: =SUM([2]CABA!J53:J54) -> 5844.4973 | ... V30: =SUM([2]CABA!V53:V54) -> 6958.4124
A31: CABA | B31: Servicios comunitarios, sociales y personales n.c.p. | C31: =SUM([2]CABA!C55:C58) -> 5273.4254 | D31: =SUM([2]CABA!D55:D58) -> 5894.9828 | E31: =SUM([2]CABA!E55:E58) -> 6447.081 | F31: =SUM([2]CABA!F55:F58) -> 6929.6822 | G31: =SUM([2]CABA!G55:G58) -> 7287.1493 | H31: =SUM([2]CABA!H55:H58) -> 7356.0747 | I31: =SUM([2]CABA!I55:I58) -> 7594.8878 | J31: =SUM([2]CABA!J55:J58) -> 7760.2246 | ... V31: =SUM([2]CABA!V55:V58) -> 6690.3722
A32: Catamarca | B32: Agricultura, ganaderia, caza y silvicultura | C32: =SUM([2]Catamarca!C7:C8) -> 193.23706 | D32: =SUM([2]Catamarca!D7:D8) -> 200.7772 | E32: =SUM([2]Catamarca!E7:E8) -> 203.40603 | F32: =SUM([2]Catamarca!F7:F8) -> 194.09275 | G32: =SUM([2]Catamarca!G7:G8) -> 226.41241 | H32: =SUM([2]Catamarca!H7:H8) -> 178.42486 | I32: =SUM([2]Catamarca!I7:I8) -> 200.8547 | J32: =SUM([2]Catamarca!J7:J8) -> 189.6875 | ... V32: =SUM([2]Catamarca!V7:V8) -> 164.6394
A33: Catamarca | B33: Pesca y servicios conexos | C33: =[2]Catamarca!C9 -> 0 | D33: =[2]Catamarca!D9 -> 0 | E33: =[2]Catamarca!E9 -> 0 | F33: =[2]Catamarca!F9 -> 0 | G33: =[2]Catamarca!G9 -> 0 | H33: =[2]Catamarca!H9 -> 0 | I33: =[2]Catamarca!I9 -> 0 | J33: =[2]Catamarca!J9 -> 0 | ... V33: =[2]Catamarca!V9 -> 0
A34: Catamarca | B34: Explotacion de minas y canteras | C34: =SUM([2]Catamarca!C10:C11) -> 1669.4693 | D34: =SUM([2]Catamarca!D10:D11) -> 1923.9067 | E34: =SUM([2]Catamarca!E10:E11) -> 1960.7136 | F34: =SUM([2]Catamarca!F10:F11) -> 1901.7561 | G34: =SUM([2]Catamarca!G10:G11) -> 1616.2534 | H34: =SUM([2]Catamarca!H10:H11) -> 1417.7272 | I34: =SUM([2]Catamarca!I10:I11) -> 1331.9805 | J34: =SUM([2]Catamarca!J10:J11) -> 1127.0265 | ... V34: =SUM([2]Catamarca!V10:V11) -> 385.81438
A35: Catamarca | B35: Industria manufacturera | C35: =SUM([2]Catamarca!C12:C35) -> 453.40009 | D35: =SUM([2]Catamarca!D12:D35) -> 480.29734 | E35: =SUM([2]Catamarca!E12:E35) -> 511.73337 | F35: =SUM([2]Catamarca!F12:F35) -> 537.47447 | G35: =SUM([2]Catamarca!G12:G35) -> 508.67511 | H35: =SUM([2]Catamarca!H12:H35) -> 459.04095 | I35: =SUM([2]Catamarca!I12:I35) -> 532.89876 | J35: =SUM([2]Catamarca!J12:J35) -> 560.78096 | ... V35: =SUM([2]Catamarca!V12:V35) -> 462.25064
A36: Catamarca | B36: Electricidad, gas y agua | C36: =SUM([2]Catamarca!C36:C38) -> 22.183634 | D36: =SUM([2]Catamarca!D36:D38) -> 23.813589 | E36: =SUM([2]Catamarca!E36:E38) -> 25.567167 | F36: =SUM([2]Catamarca!F36:F38) -> 24.661247 | G36: =SUM([2]Catamarca!G36:G38) -> 27.833803 | H36: =SUM([2]Catamarca!H36:H38) -> 28.590255 | I36: =SUM([2]Catamarca!I36:I38) -> 30.845413 | J36: =SUM([2]Catamarca!J36:J38) -> 29.997369 | ... V36: =SUM([2]Catamarca!V36:V38) -> 29.030199
A37: Catamarca | B37: Construccion | C37: =[2]Catamarca!C39 -> 109.87261 | D37: =[2]Catamarca!D39 -> 159.59889 | E37: =[2]Catamarca!E39 -> 150.89885 | F37: =[2]Catamarca!F39 -> 169.06236 | G37: =[2]Catamarca!G39 -> 185.32336 | H37: =[2]Catamarca!H39 -> 145.42489 | I37: =[2]Catamarca!I39 -> 127.97653 | J37: =[2]Catamarca!J39 -> 129.992 | ... V37: =[2]Catamarca!V39 -> 371.45382
A38: Catamarca | B38: Comercio al por mayor y al por menor | C38: =[2]Catamarca!C40 -> 385.7295 | D38: =[2]Catamarca!D40 -> 420.08979 | E38: =[2]Catamarca!E40 -> 466.04835 | F38: =[2]Catamarca!F40 -> 504.36521 | G38: =[2]Catamarca!G40 -> 499.35979 | H38: =[2]Catamarca!H40 -> 450.69317 | I38: =[2]Catamarca!I40 -> 521.98153 | J38: =[2]Catamarca!J40 -> 574.7412 | ... V38: =[2]Catamarca!V40 -> 533.68116
A39: Catamarca | B39: Hotelería y restaurantes | C39: =SUM([2]Catamarca!C41:C42) -> 34.284505 | D39: =SUM([2]Catamarca!D41:D42) -> 37.047965 | E39: =SUM([2]Catamarca!E41:E42) -> 34.539858 | F39: =SUM([2]Catamarca!F41:F42) -> 38.393682 | G39: =SUM([2]Catamarca!G41:G42) -> 44.273437 | H39: =SUM([2]Catamarca!H41:H42) -> 41.589641 | I39: =SUM([2]Catamarca!I41:I42) -> 50.90737 | J39: =SUM([2]Catamarca!J41:J42) -> 49.562397 | ... V39: =SUM([2]Catamarca!V41:V42) -> 52.046587
A40: Catamarca | B40: Transporte, de almacenamiento y de comunicaciones | C40: =SUM([2]Catamarca!C43:C44) -> 151.49942 | D40: =SUM([2]Catamarca!D43:D44) -> 180.17696 | E40: =SUM([2]Catamarca!E43:E44) -> 196.73793 | F40: =SUM([2]Catamarca!F43:F44) -> 235.4859 | G40: =SUM([2]Catamarca!G43:G44) -> 248.22763 | H40: =SUM([2]Catamarca!H43:H44) -> 254.05961 | I40: =SUM([2]Catamarca!I43:I44) -> 249.24645 | J40: =SUM([2]Catamarca!J43:J44) -> 264.00672 | ... V40: =SUM([2]Catamarca!V43:V44) -> 384.29246
A41: Catamarca | B41: Intermediacion financiera y otros servicios financieros | C41: =SUM([2]Catamarca!C45:C47) -> 41.155866 | D41: =SUM([2]Catamarca!D45:D47) -> 53.807761 | E41: =SUM([2]Catamarca!E45:E47) -> 66.414673 | F41: =SUM([2]Catamarca!F45:F47) -> 51.796006 | G41: =SUM([2]Catamarca!G45:G47) -> 57.036842 | H41: =SUM([2]Catamarca!H45:H47) -> 53.166583 | I41: =SUM([2]Catamarca!I45:I47) -> 60.13471 | J41: =SUM([2]Catamarca!J45:J47) -> 71.817107 | ... V41: =SUM([2]Catamarca!V45:V47) -> 75.34311
A42: Catamarca | B42: Servicios inmobiliarios, empresariales y de alquiler | C42: =SUM([2]Catamarca!C48:C49) -> 222.98558 | D42: =SUM([2]Catamarca!D48:D49) -> 244.7251 | E42: =SUM([2]Catamarca!E48:E49) -> 253.58125 | F42: =SUM([2]Catamarca!F48:F49) -> 278.17972 | G42: =SUM([2]Catamarca!G48:G49) -> 304.16655 | H42: =SUM([2]Catamarca!H48:H49) -> 303.24053 | I42: =SUM([2]Catamarca!I48:I49) -> 300.19375 | J42: =SUM([2]Catamarca!J48:J49) -> 317.34847 | ... V42: =SUM([2]Catamarca!V48:V49) -> 415.11928
A43: Catamarca | B43: Administración pública | C43: =[2]Catamarca!C50 -> 216.74273 | D43: =[2]Catamarca!D50 -> 227.65234 | E43: =[2]Catamarca!E50 -> 262.28438 | F43: =[2]Catamarca!F50 -> 305.25315 | G43: =[2]Catamarca!G50 -> 322.84779 | H43: =[2]Catamarca!H50 -> 311.8602 | I43: =[2]Catamarca!I50 -> 319.39763 | J43: =[2]Catamarca!J50 -> 370.18749 | ... V43: =[2]Catamarca!V50 -> 547.75267
A44: Catamarca | B44: Enseñanza | C44: =SUM([2]Catamarca!C51:C52) -> 186.24381 | D44: =SUM([2]Catamarca!D51:D52) -> 198.38381 | E44: =SUM([2]Catamarca!E51:E52) -> 224.18568 | F44: =SUM([2]Catamarca!F51:F52) -> 230.90274 | G44: =SUM([2]Catamarca!G51:G52) -> 241.54137 | H44: =SUM([2]Catamarca!H51:H52) -> 240.91923 | I44: =SUM([2]Catamarca!I51:I52) -> 244.58744 | J44: =SUM([2]Catamarca!J51:J52) -> 243.27126 | ... V44: =SUM([2]Catamarca!V51:V52) -> 319.50508
A45: Catamarca | B45: Servicios sociales y de salud | C45: =SUM([2]Catamarca!C53:C54) -> 106.80749 | D45: =SUM([2]Catamarca!D53:D54) -> 127.67493 | E45: =SUM([2]Catamarca!E53:E54) -> 147.62328 | F45: =SUM([2]Catamarca!F53:F54) -> 178.33726 | G45: =SUM([2]Catamarca!G53:G54) -> 183.4348 | H45: =SUM([2]Catamarca!H53:H54) -> 181.43996 | I45: =SUM([2]Catamarca!I53:I54) -> 192.27137 | J45: =SUM([2]Catamarca!J53:J54) -> 205.81913 | ... V45: =SUM([2]Catamarca!V53:V54) -> 283.10018
A46: Catamarca | B46: Servicios comunitarios, sociales y personales n.c.p. | C46: =SUM([2]Catamarca!C55:C58) -> 64.347662 | D46: =SUM([2]Catamarca!D55:D58) -> 71.659471 | E46: =SUM([2]Catamarca!E55:E58) -> 81.50631 | F46: =SUM([2]Catamarca!F55:F58) -> 83.821558 | G46: =SUM([2]Catamarca!G55:G58) -> 88.644335 | H46: =SUM([2]Catamarca!H55:H58) -> 89.077371 | I46: =SUM([2]Catamarca!I55:I58) -> 92.583881 | J46: =SUM([2]Catamarca!J55:J58) -> 93.656022 | ... V46: =SUM([2]Catamarca!V55:V58) -> 67.12862
A47: Córdoba | B47: Agricultura, ganaderia, caza y silvicultura | C47: =SUM([2]Córdoba!C7:C8) -> 6869.0824 | D47: =SUM([2]Córdoba!D7:D8) -> 9286.5221 | E47: =SUM([2]Córdoba!E7:E8) -> 8549.9438 | F47: =SUM([2]Córdoba!F7:F8) -> 11057.217 | G47: =SUM([2]Córdoba!G7:G8) -> 9852.2183 | H47: =SUM([2]Córdoba!H7:H8) -> 7580.5197 | I47: =SUM([2]Córdoba!I7:I8) -> 9434.3467 | J47: =SUM([2]Córdoba!J7:J8) -> 8489.258 | ... V47: =SUM([2]Córdoba!V7:V8) -> 6123.9666
A48: Córdoba | B48: Pesca y servicios conexos | C48: =[2]Córdoba!C9 -> 0 | D48: =[2]Córdoba!D9 -> 0 | E48: =[2]Córdoba!E9 -> 0 | F48: =[2]Córdoba!F9 -> 0 | G48: =[2]Córdoba!G9 -> 0 | H48: =[2]Córdoba!H9 -> 0 | I48: =[2]Córdoba!I9 -> 0 | J48: =[2]Córdoba!J9 -> 0 | ... V48: =[2]Córdoba!V9 -> 0
A49: Córdoba | B49: Explotacion de minas y canteras | C49: =SUM([2]Córdoba!C10:C11) -> 92.283182 | D49: =SUM([2]Córdoba!D10:D11) -> 114.35441 | E49: =SUM([2]Córdoba!E10:E11) -> 135.98366 | F49: =SUM([2]Córdoba!F10:F11) -> 131.76523 | G49: =SUM([2]Córdoba!G10:G11) -> 127.06384 | H49: =SUM([2]Córdoba!H10:H11) -> 137.30261 | I49: =SUM([2]Córdoba!I10:I11) -> 138.12987 | J49: =SUM([2]Córdoba!J10:J11) -> 132.67455 | ... V49: =SUM([2]Córdoba!V10:V11) -> 143.69989
A50: Córdoba | B50: Industria manufacturera | C50: =SUM([2]Córdoba!C12:C35) -> 6161.6741 | D50: =SUM([2]Córdoba!D12:D35) -> 6818.4169 | E50: =SUM([2]Córdoba!E12:E35) -> 7598.285 | F50: =SUM([2]Córdoba!F12:F35) -> 8271.8242 | G50: =SUM([2]Córdoba!G12:G35) -> 8752.0717 | H50: =SUM([2]Córdoba!H12:H35) -> 7947.4108 | I50: =SUM([2]Córdoba!I12:I35) -> 9074.2165 | J50: =SUM([2]Córdoba!J12:J35) -> 10016.465 | ... V50: =SUM([2]Córdoba!V12:V35) -> 9183.9513
A51: Córdoba | B51: Electricidad, gas y agua | C51: =SUM([2]Córdoba!C36:C38) -> 602.51525 | D51: =SUM([2]Córdoba!D36:D38) -> 655.91788 | E51: =SUM([2]Córdoba!E36:E38) -> 726.3281 | F51: =SUM([2]Córdoba!F36:F38) -> 767.63448 | G51: =SUM([2]Córdoba!G36:G38) -> 820.28221 | H51: =SUM([2]Córdoba!H36:H38) -> 818.07875 | I51: =SUM([2]Córdoba!I36:I38) -> 850.55344 | J51: =SUM([2]Córdoba!J36:J38) -> 890.5699 | ... V51: =SUM([2]Córdoba!V36:V38) -> 990.40391
A52: Córdoba | B52: Construccion | C52: =[2]Córdoba!C39 -> 1067.3496 | D52: =[2]Córdoba!D39 -> 1169.9812 | E52: =[2]Córdoba!E39 -> 1395.8892 | F52: =[2]Córdoba!F39 -> 1580.4351 | G52: =[2]Córdoba!G39 -> 1754.6297 | H52: =[2]Córdoba!H39 -> 1456.1962 | I52: =[2]Córdoba!I39 -> 1679.6921 | J52: =[2]Córdoba!J39 -> 1863.7533 | ... V52: =[2]Córdoba!V39 -> 1748.5361
A53: Córdoba | B53: Comercio al por mayor y al por menor | C53: =[2]Córdoba!C40 -> 5858.7889 | D53: =[2]Córdoba!D40 -> 6740.5723 | E53: =[2]Córdoba!E40 -> 7553.5982 | F53: =[2]Córdoba!F40 -> 8548.6285 | G53: =[2]Córdoba!G40 -> 9038.4201 | H53: =[2]Córdoba!H40 -> 8175.2579 | I53: =[2]Córdoba!I40 -> 9348.1544 | J53: =[2]Córdoba!J40 -> 10481.191 | ... V53: =[2]Córdoba!V40 -> 10458.689
A54: Córdoba | B54: Hotelería y restaurantes | C54: =SUM([2]Córdoba!C41:C42) -> 556.67251 | D54: =SUM([2]Córdoba!D41:D42) -> 590.54551 | E54: =SUM([2]Córdoba!E41:E42) -> 687.60637 | F54: =SUM([2]Córdoba!F41:F42) -> 767.17105 | G54: =SUM([2]Córdoba!G41:G42) -> 796.1381 | H54: =SUM([2]Córdoba!H41:H42) -> 815.22383 | I54: =SUM([2]Córdoba!I41:I42) -> 853.20503 | J54: =SUM([2]Córdoba!J41:J42) -> 920.60852 | ... V54: =SUM([2]Córdoba!V41:V42) -> 908.01525
A55: Córdoba | B55: Transporte, de almacenamiento y de comunicaciones | C55: =SUM([2]Córdoba!C43:C44) -> 2165.4991 | D55: =SUM([2]Córdoba!D43:D44) -> 2473.3562 | E55: =SUM([2]Córdoba!E43:E44) -> 2789.4813 | F55: =SUM([2]Córdoba!F43:F44) -> 3121.7552 | G55: =SUM([2]Córdoba!G43:G44) -> 3267.5465 | H55: =SUM([2]Córdoba!H43:H44) -> 3223.2306 | I55: =SUM([2]Córdoba!I43:I44) -> 3482.8681 | J55: =SUM([2]Córdoba!J43:J44) -> 3659.0202 | ... V55: =SUM([2]Córdoba!V43:V44) -> 3559.2845
A56: Córdoba | B56: Intermediacion financiera y otros servicios financieros | C56: =SUM([2]Córdoba!C45:C47) -> 753.43544 | D56: =SUM([2]Córdoba!D45:D47) -> 808.92272 | E56: =SUM([2]Córdoba!E45:E47) -> 869.82107 | F56: =SUM([2]Córdoba!F45:F47) -> 917.31706 | G56: =SUM([2]Córdoba!G45:G47) -> 976.8327 | H56: =SUM([2]Córdoba!H45:H47) -> 962.631 | I56: =SUM([2]Córdoba!I45:I47) -> 982.51179 | J56: =SUM([2]Córdoba!J45:J47) -> 1109.1547 | ... V56: =SUM([2]Córdoba!V45:V47) -> 995.44599
A57: Córdoba | B57: Servicios inmobiliarios, empresariales y de alquiler | C57: =SUM([2]Córdoba!C48:C49) -> 3424.4269 | D57: =SUM([2]Córdoba!D48:D49) -> 3709.9342 | E57: =SUM([2]Córdoba!E48:E49) -> 4108.1406 | F57: =SUM([2]Córdoba!F48:F49) -> 4288.8831 | G57: =SUM([2]Córdoba!G48:G49) -> 4563.8215 | H57: =SUM([2]Córdoba!H48:H49) -> 4449.2532 | I57: =SUM([2]Córdoba!I48:I49) -> 4839.361 | J57: =SUM([2]Córdoba!J48:J49) -> 5026.9093 | ... V57: =SUM([2]Córdoba!V48:V49) -> 5537.3418
A58: Córdoba | B58: Administración pública | C58: =[2]Córdoba!C50 -> 1286.9293 | D58: =[2]Córdoba!D50 -> 1468.9402 | E58: =[2]Córdoba!E50 -> 1626.0853 | F58: =[2]Córdoba!F50 -> 1668.2413 | G58: =[2]Córdoba!G50 -> 1894.5471 | H58: =[2]Córdoba!H50 -> 1987.9753 | I58: =[2]Córdoba!I50 -> 2064.2947 | J58: =[2]Córdoba!J50 -> 2079.574 | ... V58: =[2]Córdoba!V50 -> 2439.3214
A59: Córdoba | B59: Enseñanza | C59: =SUM([2]Córdoba!C51:C52) -> 1319.4379 | D59: =SUM([2]Córdoba!D51:D52) -> 1392.5151 | E59: =SUM([2]Córdoba!E51:E52) -> 1408.6138 | F59: =SUM([2]Córdoba!F51:F52) -> 1491.0888 | G59: =SUM([2]Córdoba!G51:G52) -> 1629.8135 | H59: =SUM([2]Córdoba!H51:H52) -> 1693.3609 | I59: =SUM([2]Córdoba!I51:I52) -> 1781.4022 | J59: =SUM([2]Córdoba!J51:J52) -> 1837.5996 | ... V59: =SUM([2]Córdoba!V51:V52) -> 2227.6668
A60: Córdoba | B60: Servicios sociales y de salud | C60: =SUM([2]Córdoba!C53:C54) -> 1061.9847 | D60: =SUM([2]Córdoba!D53:D54) -> 1188.8828 | E60: =SUM([2]Córdoba!E53:E54) -> 1208.2014 | F60: =SUM([2]Córdoba!F53:F54) -> 1272.0159 | G60: =SUM([2]Córdoba!G53:G54) -> 1395.1552 | H60: =SUM([2]Córdoba!H53:H54) -> 1483.7675 | I60: =SUM([2]Córdoba!I53:I54) -> 1575.6384 | J60: =SUM([2]Córdoba!J53:J54) -> 1687.3387 | ... V60: =SUM([2]Córdoba!V53:V54) -> 2172.5302
A61: Córdoba | B61: Servicios comunitarios, sociales y personales n.c.p. | C61: =SUM([2]Córdoba!C55:C58) -> 1145.7782 | D61: =SUM([2]Córdoba!D55:D58) -> 1227.2888 | E61: =SUM([2]Córdoba!E55:E58) -> 1323.3237 | F61: =SUM([2]Córdoba!F55:F58) -> 1429.526 | G61: =SUM([2]Córdoba!G55:G58) -> 1493.5918 | H61: =SUM([2]Córdoba!H55:H58) -> 1396.3959 | I61: =SUM([2]Córdoba!I55:I58) -> 1405.9015 | J61: =SUM([2]Córdoba!J55:J58) -> 1446.638 | ... V61: =SUM([2]Córdoba!V55:V58) -> 1403.4546
A62: Corrientes | B62: Agricultura, ganaderia, caza y silvicultura | C62: =SUM([2]Corrientes!C7:C8) -> 339.84224 | D62: =SUM([2]Corrientes!D7:D8) -> 368.40288 | E62: =SUM([2]Corrientes!E7:E8) -> 387.71852 | F62: =SUM([2]Corrientes!F7:F8) -> 384.49745 | G62: =SUM([2]Corrientes!G7:G8) -> 400.69518 | H62: =SUM([2]Corrientes!H7:H8) -> 372.95995 | I62: =SUM([2]Corrientes!I7:I8) -> 346.96706 | J62: =SUM([2]Corrientes!J7:J8) -> 389.49621 | ... V62: =SUM([2]Corrientes!V7:V8) -> 381.31693
A63: Corrientes | B63: Pesca y servicios conexos | C63: =[2]Corrientes!C9 -> 3.4280519 | D63: =[2]Corrientes!D9 -> 3.0838315 | E63: =[2]Corrientes!E9 -> 6.305049 | F63: =[2]Corrientes!F9 -> 5.3851971 | G63: =[2]Corrientes!G9 -> 5.9382492 | H63: =[2]Corrientes!H9 -> 3.9941003 | I63: =[2]Corrientes!I9 -> 4.1569132 | J63: =[2]Corrientes!J9 -> 4.4190806 | ... V63: =[2]Corrientes!V9 -> 7.4421627
A64: Corrientes | B64: Explotacion de minas y canteras | C64: =SUM([2]Corrientes!C10:C11) -> 8.3636238 | D64: =SUM([2]Corrientes!D10:D11) -> 9.3891376 | E64: =SUM([2]Corrientes!E10:E11) -> 8.9092943 | F64: =SUM([2]Corrientes!F10:F11) -> 9.017929 | G64: =SUM([2]Corrientes!G10:G11) -> 8.2396922 | H64: =SUM([2]Corrientes!H10:H11) -> 10.093678 | I64: =SUM([2]Corrientes!I10:I11) -> 11.279445 | J64: =SUM([2]Corrientes!J10:J11) -> 10.52058 | ... V64: =SUM([2]Corrientes!V10:V11) -> 12.56471
A65: Corrientes | B65: Industria manufacturera | C65: =SUM([2]Corrientes!C12:C35) -> 468.84234 | D65: =SUM([2]Corrientes!D12:D35) -> 512.69976 | E65: =SUM([2]Corrientes!E12:E35) -> 543.60165 | F65: =SUM([2]Corrientes!F12:F35) -> 589.16058 | G65: =SUM([2]Corrientes!G12:G35) -> 611.57014 | H65: =SUM([2]Corrientes!H12:H35) -> 596.27447 | I65: =SUM([2]Corrientes!I12:I35) -> 642.05274 | J65: =SUM([2]Corrientes!J12:J35) -> 672.68905 | ... V65: =SUM([2]Corrientes!V12:V35) -> 660.10545
A66: Corrientes | B66: Electricidad, gas y agua | C66: =SUM([2]Corrientes!C36:C38) -> 293.41451 | D66: =SUM([2]Corrientes!D36:D38) -> 328.99391 | E66: =SUM([2]Corrientes!E36:E38) -> 361.46027 | F66: =SUM([2]Corrientes!F36:F38) -> 346.84918 | G66: =SUM([2]Corrientes!G36:G38) -> 391.33326 | H66: =SUM([2]Corrientes!H36:H38) -> 400.72834 | I66: =SUM([2]Corrientes!I36:I38) -> 422.1842 | J66: =SUM([2]Corrientes!J36:J38) -> 470.01797 | ... V66: =SUM([2]Corrientes!V36:V38) -> 571.8288
A67: Corrientes | B67: Construccion | C67: =[2]Corrientes!C39 -> 183.29418 | D67: =[2]Corrientes!D39 -> 282.55926 | E67: =[2]Corrientes!E39 -> 170.95611 | F67: =[2]Corrientes!F39 -> 248.76549 | G67: =[2]Corrientes!G39 -> 250.30175 | H67: =[2]Corrientes!H39 -> 176.26742 | I67: =[2]Corrientes!I39 -> 186.98285 | J67: =[2]Corrientes!J39 -> 232.05976 | ... V67: =[2]Corrientes!V39 -> 254.69482
A68: Corrientes | B68: Comercio al por mayor y al por menor | C68: =[2]Corrientes!C40 -> 1145.7235 | D68: =[2]Corrientes!D40 -> 1284.0401 | E68: =[2]Corrientes!E40 -> 1396.5463 | F68: =[2]Corrientes!F40 -> 1542.6145 | G68: =[2]Corrientes!G40 -> 1637.5912 | H68: =[2]Corrientes!H40 -> 1600.3125 | I68: =[2]Corrientes!I40 -> 1719.6986 | J68: =[2]Corrientes!J40 -> 1899.8264 | ... V68: =[2]Corrientes!V40 -> 2036.604
A69: Corrientes | B69: Hotelería y restaurantes | C69: =SUM([2]Corrientes!C41:C42) -> 125.0309 | D69: =SUM([2]Corrientes!D41:D42) -> 175.14853 | E69: =SUM([2]Corrientes!E41:E42) -> 275.06034 | F69: =SUM([2]Corrientes!F41:F42) -> 225.32057 | G69: =SUM([2]Corrientes!G41:G42) -> 213.45738 | H69: =SUM([2]Corrientes!H41:H42) -> 182.67449 | I69: =SUM([2]Corrientes!I41:I42) -> 197.39361 | J69: =SUM([2]Corrientes!J41:J42) -> 215.9739 | ... V69: =SUM([2]Corrientes!V41:V42) -> 221.70217
A70: Corrientes | B70: Transporte, de almacenamiento y de comunicaciones | C70: =SUM([2]Corrientes!C43:C44) -> 293.29402 | D70: =SUM([2]Corrientes!D43:D44) -> 369.88401 | E70: =SUM([2]Corrientes!E43:E44) -> 388.62044 | F70: =SUM([2]Corrientes!F43:F44) -> 441.88316 | G70: =SUM([2]Corrientes!G43:G44) -> 459.55363 | H70: =SUM([2]Corrientes!H43:H44) -> 434.29591 | I70: =SUM([2]Corrientes!I43:I44) -> 463.96013 | J70: =SUM([2]Corrientes!J43:J44) -> 494.58463 | ... V70: =SUM([2]Corrientes!V43:V44) -> 574.90017
A71: Corrientes | B71: Intermediacion financiera y otros servicios financieros | C71: =SUM([2]Corrientes!C45:C47) -> 82.398417 | D71: =SUM([2]Corrientes!D45:D47) -> 87.976935 | E71: =SUM([2]Corrientes!E45:E47) -> 101.51217 | F71: =SUM([2]Corrientes!F45:F47) -> 108.68161 | G71: =SUM([2]Corrientes!G45:G47) -> 114.54833 | H71: =SUM([2]Corrientes!H45:H47) -> 111.36396 | I71: =SUM([2]Corrientes!I45:I47) -> 119.24417 | J71: =SUM([2]Corrientes!J45:J47) -> 138.40309 | ... V71: =SUM([2]Corrientes!V45:V47) -> 131.14164
A72: Corrientes | B72: Servicios inmobiliarios, empresariales y de alquiler | C72: =SUM([2]Corrientes!C48:C49) -> 640.23943 | D72: =SUM([2]Corrientes!D48:D49) -> 710.73464 | E72: =SUM([2]Corrientes!E48:E49) -> 737.59177 | F72: =SUM([2]Corrientes!F48:F49) -> 756.42477 | G72: =SUM([2]Corrientes!G48:G49) -> 798.33565 | H72: =SUM([2]Corrientes!H48:H49) -> 791.53339 | I72: =SUM([2]Corrientes!I48:I49) -> 850.9397 | J72: =SUM([2]Corrientes!J48:J49) -> 906.00676 | ... V72: =SUM([2]Corrientes!V48:V49) -> 1087.3743
A73: Corrientes | B73: Administración pública | C73: =[2]Corrientes!C50 -> 437.42843 | D73: =[2]Corrientes!D50 -> 460.20953 | E73: =[2]Corrientes!E50 -> 474.62298 | F73: =[2]Corrientes!F50 -> 520.45067 | G73: =[2]Corrientes!G50 -> 512.92273 | H73: =[2]Corrientes!H50 -> 485.85887 | I73: =[2]Corrientes!I50 -> 489.746 | J73: =[2]Corrientes!J50 -> 566.60002 | ... V73: =[2]Corrientes!V50 -> 670.33418
A74: Corrientes | B74: Enseñanza | C74: =SUM([2]Corrientes!C51:C52) -> 371.75808 | D74: =SUM([2]Corrientes!D51:D52) -> 389.21481 | E74: =SUM([2]Corrientes!E51:E52) -> 389.50238 | F74: =SUM([2]Corrientes!F51:F52) -> 419.4785 | G74: =SUM([2]Corrientes!G51:G52) -> 436.01916 | H74: =SUM([2]Corrientes!H51:H52) -> 451.97347 | I74: =SUM([2]Corrientes!I51:I52) -> 483.00922 | J74: =SUM([2]Corrientes!J51:J52) -> 524.08928 | ... V74: =SUM([2]Corrientes!V51:V52) -> 607.63939
A75: Corrientes | B75: Servicios sociales y de salud | C75: =SUM([2]Corrientes!C53:C54) -> 188.20648 | D75: =SUM([2]Corrientes!D53:D54) -> 214.7953 | E75: =SUM([2]Corrientes!E53:E54) -> 219.99769 | F75: =SUM([2]Corrientes!F53:F54) -> 227.28052 | G75: =SUM([2]Corrientes!G53:G54) -> 232.69833 | H75: =SUM([2]Corrientes!H53:H54) -> 249.97386 | I75: =SUM([2]Corrientes!I53:I54) -> 269.37385 | J75: =SUM([2]Corrientes!J53:J54) -> 297.88492 | ... V75: =SUM([2]Corrientes!V53:V54) -> 377.62315
A76: Corrientes | B76: Servicios comunitarios, sociales y personales n.c.p. | C76: =SUM([2]Corrientes!C55:C58) -> 195.83895 | D76: =SUM([2]Corrientes!D55:D58) -> 221.6626 | E76: =SUM([2]Corrientes!E55:E58) -> 238.91627 | F76: =SUM([2]Corrientes!F55:F58) -> 256.24071 | G76: =SUM([2]Corrientes!G55:G58) -> 265.05023 | H76: =SUM([2]Corrientes!H55:H58) -> 272.17665 | I76: =SUM([2]Corrientes!I55:I58) -> 282.8401 | J76: =SUM([2]Corrientes!J55:J58) -> 297.70435 | ... V76: =SUM([2]Corrientes!V55:V58) -> 273.05495
A77: Chaco | B77: Agricultura, ganaderia, caza y silvicultura | C77: =SUM([2]Chaco!C7:C8) -> 1153.976 | D77: =SUM([2]Chaco!D7:D8) -> 1339.3266 | E77: =SUM([2]Chaco!E7:E8) -> 1578.2646 | F77: =SUM([2]Chaco!F7:F8) -> 1636.2225 | G77: =SUM([2]Chaco!G7:G8) -> 1650.7366 | H77: =SUM([2]Chaco!H7:H8) -> 1126.7753 | I77: =SUM([2]Chaco!I7:I8) -> 1784.4404 | J77: =SUM([2]Chaco!J7:J8) -> 2007.544 | ... V77: =SUM([2]Chaco!V7:V8) -> 1244.9407
A78: Chaco | B78: Pesca y servicios conexos | C78: =[2]Chaco!C9 -> 3.4280519 | D78: =[2]Chaco!D9 -> 3.0838315 | E78: =[2]Chaco!E9 -> 6.305049 | F78: =[2]Chaco!F9 -> 5.3851971 | G78: =[2]Chaco!G9 -> 5.9382492 | H78: =[2]Chaco!H9 -> 3.9941003 | I78: =[2]Chaco!I9 -> 4.1569132 | J78: =[2]Chaco!J9 -> 4.4190806 | ... V78: =[2]Chaco!V9 -> 7.4421627
A79: Chaco | B79: Explotacion de minas y canteras | C79: =SUM([2]Chaco!C10:C11) -> 3.4817233 | D79: =SUM([2]Chaco!D10:D11) -> 3.7688214 | E79: =SUM([2]Chaco!E10:E11) -> 4.1494319 | F79: =SUM([2]Chaco!F10:F11) -> 3.6280795 | G79: =SUM([2]Chaco!G10:G11) -> 3.4138697 | H79: =SUM([2]Chaco!H10:H11) -> 4.3608506 | I79: =SUM([2]Chaco!I10:I11) -> 4.9902053 | J79: =SUM([2]Chaco!J10:J11) -> 4.3054998 | ... V79: =SUM([2]Chaco!V10:V11) -> 4.0708956
A80: Chaco | B80: Industria manufacturera | C80: =SUM([2]Chaco!C12:C35) -> 573.28616 | D80: =SUM([2]Chaco!D12:D35) -> 605.88646 | E80: =SUM([2]Chaco!E12:E35) -> 660.59955 | F80: =SUM([2]Chaco!F12:F35) -> 718.68923 | G80: =SUM([2]Chaco!G12:G35) -> 750.69073 | H80: =SUM([2]Chaco!H12:H35) -> 810.54898 | I80: =SUM([2]Chaco!I12:I35) -> 839.76809 | J80: =SUM([2]Chaco!J12:J35) -> 903.36415 | ... V80: =SUM([2]Chaco!V12:V35) -> 802.92263
A81: Chaco | B81: Electricidad, gas y agua | C81: =SUM([2]Chaco!C36:C38) -> 88.678367 | D81: =SUM([2]Chaco!D36:D38) -> 98.263599 | E81: =SUM([2]Chaco!E36:E38) -> 103.555 | F81: =SUM([2]Chaco!F36:F38) -> 115.64088 | G81: =SUM([2]Chaco!G36:G38) -> 121.91226 | H81: =SUM([2]Chaco!H36:H38) -> 129.4616 | I81: =SUM([2]Chaco!I36:I38) -> 133.30267 | J81: =SUM([2]Chaco!J36:J38) -> 141.36569 | ... V81: =SUM([2]Chaco!V36:V38) -> 197.13852
A82: Chaco | B82: Construccion | C82: =[2]Chaco!C39 -> 237.8411 | D82: =[2]Chaco!D39 -> 388.00389 | E82: =[2]Chaco!E39 -> 341.89852 | F82: =[2]Chaco!F39 -> 363.58178 | G82: =[2]Chaco!G39 -> 395.14224 | H82: =[2]Chaco!H39 -> 379.33258 | I82: =[2]Chaco!I39 -> 414.46468 | J82: =[2]Chaco!J39 -> 474.12563 | ... V82: =[2]Chaco!V39 -> 401.9202
A83: Chaco | B83: Comercio al por mayor y al por menor | C83: =[2]Chaco!C40 -> 1021.7983 | D83: =[2]Chaco!D40 -> 1117.9635 | E83: =[2]Chaco!E40 -> 1265.8966 | F83: =[2]Chaco!F40 -> 1405.2552 | G83: =[2]Chaco!G40 -> 1496.5178 | H83: =[2]Chaco!H40 -> 1534.2098 | I83: =[2]Chaco!I40 -> 1671.6944 | J83: =[2]Chaco!J40 -> 1879.9123 | ... V83: =[2]Chaco!V40 -> 1762.9148
A84: Chaco | B84: Hotelería y restaurantes | C84: =SUM([2]Chaco!C41:C42) -> 47.083929 | D84: =SUM([2]Chaco!D41:D42) -> 51.286027 | E84: =SUM([2]Chaco!E41:E42) -> 62.207002 | F84: =SUM([2]Chaco!F41:F42) -> 77.856183 | G84: =SUM([2]Chaco!G41:G42) -> 82.594418 | H84: =SUM([2]Chaco!H41:H42) -> 92.639565 | I84: =SUM([2]Chaco!I41:I42) -> 99.955069 | J84: =SUM([2]Chaco!J41:J42) -> 105.64669 | ... V84: =SUM([2]Chaco!V41:V42) -> 90.892386
A85: Chaco | B85: Transporte, de almacenamiento y de comunicaciones | C85: =SUM([2]Chaco!C43:C44) -> 397.04908 | D85: =SUM([2]Chaco!D43:D44) -> 448.72455 | E85: =SUM([2]Chaco!E43:E44) -> 526.59083 | F85: =SUM([2]Chaco!F43:F44) -> 592.23871 | G85: =SUM([2]Chaco!G43:G44) -> 604.82657 | H85: =SUM([2]Chaco!H43:H44) -> 621.41102 | I85: =SUM([2]Chaco!I43:I44) -> 699.56739 | J85: =SUM([2]Chaco!J43:J44) -> 748.87588 | ... V85: =SUM([2]Chaco!V43:V44) -> 897.86313
A86: Chaco | B86: Intermediacion financiera y otros servicios financieros | C86: =SUM([2]Chaco!C45:C47) -> 110.19288 | D86: =SUM([2]Chaco!D45:D47) -> 116.67781 | E86: =SUM([2]Chaco!E45:E47) -> 129.08667 | F86: =SUM([2]Chaco!F45:F47) -> 145.93872 | G86: =SUM([2]Chaco!G45:G47) -> 156.20746 | H86: =SUM([2]Chaco!H45:H47) -> 164.79227 | I86: =SUM([2]Chaco!I45:I47) -> 161.70728 | J86: =SUM([2]Chaco!J45:J47) -> 174.64735 | ... V86: =SUM([2]Chaco!V45:V47) -> 155.61128
A87: Chaco | B87: Servicios inmobiliarios, empresariales y de alquiler | C87: =SUM([2]Chaco!C48:C49) -> 620.92315 | D87: =SUM([2]Chaco!D48:D49) -> 683.98253 | E87: =SUM([2]Chaco!E48:E49) -> 692.05346 | F87: =SUM([2]Chaco!F48:F49) -> 795.44226 | G87: =SUM([2]Chaco!G48:G49) -> 810.82161 | H87: =SUM([2]Chaco!H48:H49) -> 813.41802 | I87: =SUM([2]Chaco!I48:I49) -> 866.94737 | J87: =SUM([2]Chaco!J48:J49) -> 1035.1773 | ... V87: =SUM([2]Chaco!V48:V49) -> 1699.0032
A88: Chaco | B88: Administración pública | C88: =[2]Chaco!C50 -> 536.61192 | D88: =[2]Chaco!D50 -> 549.7436 | E88: =[2]Chaco!E50 -> 607.20505 | F88: =[2]Chaco!F50 -> 603.0514 | G88: =[2]Chaco!G50 -> 704.91132 | H88: =[2]Chaco!H50 -> 691.19449 | I88: =[2]Chaco!I50 -> 624.68689 | J88: =[2]Chaco!J50 -> 665.98095 | ... V88: =[2]Chaco!V50 -> 876.07719
A89: Chaco | B89: Enseñanza | C89: =SUM([2]Chaco!C51:C52) -> 368.53108 | D89: =SUM([2]Chaco!D51:D52) -> 370.58071 | E89: =SUM([2]Chaco!E51:E52) -> 377.2792 | F89: =SUM([2]Chaco!F51:F52) -> 432.08018 | G89: =SUM([2]Chaco!G51:G52) -> 482.79838 | H89: =SUM([2]Chaco!H51:H52) -> 485.05703 | I89: =SUM([2]Chaco!I51:I52) -> 503.75467 | J89: =SUM([2]Chaco!J51:J52) -> 505.10018 | ... V89: =SUM([2]Chaco!V51:V52) -> 671.04589
A90: Chaco | B90: Servicios sociales y de salud | C90: =SUM([2]Chaco!C53:C54) -> 254.11841 | D90: =SUM([2]Chaco!D53:D54) -> 289.69642 | E90: =SUM([2]Chaco!E53:E54) -> 301.2335 | F90: =SUM([2]Chaco!F53:F54) -> 360.27382 | G90: =SUM([2]Chaco!G53:G54) -> 400.05499 | H90: =SUM([2]Chaco!H53:H54) -> 415.928 | I90: =SUM([2]Chaco!I53:I54) -> 397.34023 | J90: =SUM([2]Chaco!J53:J54) -> 441.95918 | ... V90: =SUM([2]Chaco!V53:V54) -> 535.86313
A91: Chaco | B91: Servicios comunitarios, sociales y personales n.c.p. | C91: =SUM([2]Chaco!C55:C58) -> 179.9166 | D91: =SUM([2]Chaco!D55:D58) -> 186.34802 | E91: =SUM([2]Chaco!E55:E58) -> 199.20872 | F91: =SUM([2]Chaco!F55:F58) -> 215.60376 | G91: =SUM([2]Chaco!G55:G58) -> 222.36605 | H91: =SUM([2]Chaco!H55:H58) -> 239.52747 | I91: =SUM([2]Chaco!I55:I58) -> 253.27605 | J91: =SUM([2]Chaco!J55:J58) -> 257.60447 | ... V91: =SUM([2]Chaco!V55:V58) -> 258.54579
A92: Chubut | B92: Agricultura, ganaderia, caza y silvicultura | C92: =SUM([2]Chubut!C7:C8) -> 251.49018 | D92: =SUM([2]Chubut!D7:D8) -> 278.28488 | E92: =SUM([2]Chubut!E7:E8) -> 263.09442 | F92: =SUM([2]Chubut!F7:F8) -> 258.77504 | G92: =SUM([2]Chubut!G7:G8) -> 262.28406 | H92: =SUM([2]Chubut!H7:H8) -> 202.16094 | I92: =SUM([2]Chubut!I7:I8) -> 214.21582 | J92: =SUM([2]Chubut!J7:J8) -> 197.55821 | ... V92: =SUM([2]Chubut!V7:V8) -> 124.61303
A93: Chubut | B93: Pesca y servicios conexos | C93: =[2]Chubut!C9 -> 362.67985 | D93: =[2]Chubut!D9 -> 326.71285 | E93: =[2]Chubut!E9 -> 486.63988 | F93: =[2]Chubut!F9 -> 432.871 | G93: =[2]Chubut!G9 -> 406.00663 | H93: =[2]Chubut!H9 -> 315.60642 | I93: =[2]Chubut!I9 -> 349.62389 | J93: =[2]Chubut!J9 -> 375.71077 | ... V93: =[2]Chubut!V9 -> 650.32432
A94: Chubut | B94: Explotacion de minas y canteras | C94: =SUM([2]Chubut!C10:C11) -> 3399.7512 | D94: =SUM([2]Chubut!D10:D11) -> 3512.6386 | E94: =SUM([2]Chubut!E10:E11) -> 3839.8099 | F94: =SUM([2]Chubut!F10:F11) -> 3767.7767 | G94: =SUM([2]Chubut!G10:G11) -> 3661.9944 | H94: =SUM([2]Chubut!H10:H11) -> 3859.0625 | I94: =SUM([2]Chubut!I10:I11) -> 3900.851 | J94: =SUM([2]Chubut!J10:J11) -> 3905.2762 | ... V94: =SUM([2]Chubut!V10:V11) -> 3076.3636
A95: Chubut | B95: Industria manufacturera | C95: =SUM([2]Chubut!C12:C35) -> 1430.4834 | D95: =SUM([2]Chubut!D12:D35) -> 1470.1157 | E95: =SUM([2]Chubut!E12:E35) -> 1661.7005 | F95: =SUM([2]Chubut!F12:F35) -> 1793.6831 | G95: =SUM([2]Chubut!G12:G35) -> 1893.433 | H95: =SUM([2]Chubut!H12:H35) -> 1620.1491 | I95: =SUM([2]Chubut!I12:I35) -> 1888.067 | J95: =SUM([2]Chubut!J12:J35) -> 2069.5299 | ... V95: =SUM([2]Chubut!V12:V35) -> 1715.8792
A96: Chubut | B96: Electricidad, gas y agua | C96: =SUM([2]Chubut!C36:C38) -> 293.99855 | D96: =SUM([2]Chubut!D36:D38) -> 300.78645 | E96: =SUM([2]Chubut!E36:E38) -> 303.13706 | F96: =SUM([2]Chubut!F36:F38) -> 253.95594 | G96: =SUM([2]Chubut!G36:G38) -> 252.4416 | H96: =SUM([2]Chubut!H36:H38) -> 182.93889 | I96: =SUM([2]Chubut!I36:I38) -> 174.75709 | J96: =SUM([2]Chubut!J36:J38) -> 237.24219 | ... V96: =SUM([2]Chubut!V36:V38) -> 311.45606
A97: Chubut | B97: Construccion | C97: =[2]Chubut!C39 -> 545.69671 | D97: =[2]Chubut!D39 -> 627.02753 | E97: =[2]Chubut!E39 -> 754.47261 | F97: =[2]Chubut!F39 -> 780.18701 | G97: =[2]Chubut!G39 -> 778.52327 | H97: =[2]Chubut!H39 -> 613.27175 | I97: =[2]Chubut!I39 -> 640.89543 | J97: =[2]Chubut!J39 -> 691.68398 | ... V97: =[2]Chubut!V39 -> 458.74495
A98: Chubut | B98: Comercio al por mayor y al por menor | C98: =[2]Chubut!C40 -> 687.4405 | D98: =[2]Chubut!D40 -> 726.26117 | E98: =[2]Chubut!E40 -> 829.77644 | F98: =[2]Chubut!F40 -> 908.19712 | G98: =[2]Chubut!G40 -> 971.69246 | H98: =[2]Chubut!H40 -> 834.29462 | I98: =[2]Chubut!I40 -> 958.96589 | J98: =[2]Chubut!J40 -> 1076.4246 | ... V98: =[2]Chubut!V40 -> 984.25977
A99: Chubut | B99: Hotelería y restaurantes | C99: =SUM([2]Chubut!C41:C42) -> 82.728699 | D99: =SUM([2]Chubut!D41:D42) -> 83.359312 | E99: =SUM([2]Chubut!E41:E42) -> 94.060393 | F99: =SUM([2]Chubut!F41:F42) -> 102.41688 | G99: =SUM([2]Chubut!G41:G42) -> 107.70804 | H99: =SUM([2]Chubut!H41:H42) -> 107.50642 | I99: =SUM([2]Chubut!I41:I42) -> 120.02237 | J99: =SUM([2]Chubut!J41:J42) -> 130.45082 | ... V99: =SUM([2]Chubut!V41:V42) -> 131.52658
A100: Chubut | B100: Transporte, de almacenamiento y de comunicaciones | C100: =SUM([2]Chubut!C43:C44) -> 421.5265 | D100: =SUM([2]Chubut!D43:D44) -> 486.73661 | E100: =SUM([2]Chubut!E43:E44) -> 555.58714 | F100: =SUM([2]Chubut!F43:F44) -> 593.56539 | G100: =SUM([2]Chubut!G43:G44) -> 607.55945 | H100: =SUM([2]Chubut!H43:H44) -> 592.93591 | I100: =SUM([2]Chubut!I43:I44) -> 656.31658 | J100: =SUM([2]Chubut!J43:J44) -> 703.53762 | ... V100: =SUM([2]Chubut!V43:V44) -> 845.84173
...

Sheet vabporramas
A1: provincia | B1: variable | C1: 2004 | D1: 2005 | E1: 2006 | F1: 2007 | G1: 2008 | H1: 2009 | I1: 2010 | J1: 2011 | K1: 2012 | L1: 2013 | M1: 2014 | N1: 2015 | O1: 2016 | P1: 2017 | Q1: 2018 | R1: 2019 | S1: 2020 | T1: 2021 | U1: 2022 | V1: 2023
A2: Buenos Aires | B2: Elaboración de productos alimenticios y bebidas | C2: ='[2]Buenos Aires'!C12 -> 8241.2262 | D2: ='[2]Buenos Aires'!D12 -> 9032.9339 | E2: ='[2]Buenos Aires'!E12 -> 9819.0244 | F2: ='[2]Buenos Aires'!F12 -> 10655.583 | G2: ='[2]Buenos Aires'!G12 -> 11460.533 | H2: ='[2]Buenos Aires'!H12 -> 11585.342 | I2: ='[2]Buenos Aires'!I12 -> 11506.057 | J2: ='[2]Buenos Aires'!J12 -> 11887.23 | ... V2: ='[2]Buenos Aires'!V12 -> 12045.14
A3: Buenos Aires | B3: Elaboración de productos de tabaco | C3: ='[2]Buenos Aires'!C13 -> 291.33149 | D3: ='[2]Buenos Aires'!D13 -> 285.67799 | E3: ='[2]Buenos Aires'!E13 -> 305.68366 | F3: ='[2]Buenos Aires'!F13 -> 308.47292 | G3: ='[2]Buenos Aires'!G13 -> 331.71682 | H3: ='[2]Buenos Aires'!H13 -> 333.6897 | I3: ='[2]Buenos Aires'!I13 -> 327.65722 | J3: ='[2]Buenos Aires'!J13 -> 308.66405 | ... V3: ='[2]Buenos Aires'!V13 -> 280.19771
A4: Buenos Aires | B4: Fabricación de productos textiles | C4: ='[2]Buenos Aires'!C14 -> 1137.1347 | D4: ='[2]Buenos Aires'!D14 -> 1318.2214 | E4: ='[2]Buenos Aires'!E14 -> 1381.9042 | F4: ='[2]Buenos Aires'!F14 -> 1500.9945 | G4: ='[2]Buenos Aires'!G14 -> 1367.9759 | H4: ='[2]Buenos Aires'!H14 -> 1315.125 | I4: ='[2]Buenos Aires'!I14 -> 1556.9345 | J4: ='[2]Buenos Aires'!J14 -> 1567.8705 | ... V4: ='[2]Buenos Aires'!V14 -> 1071.0658
A5: Buenos Aires | B5: Fabricación de prendas de vestir; terminación y teñido de pieles | C5: ='[2]Buenos Aires'!C15 -> 1849.0379 | D5: ='[2]Buenos Aires'!D15 -> 2274.5087 | E5: ='[2]Buenos Aires'!E15 -> 2332.9062 | F5: ='[2]Buenos Aires'!F15 -> 2453.2314 | G5: ='[2]Buenos Aires'!G15 -> 2602.7103 | H5: ='[2]Buenos Aires'!H15 -> 2515.4287 | I5: ='[2]Buenos Aires'!I15 -> 2834.1116 | J5: ='[2]Buenos Aires'!J15 -> 3162.2268 | ... V5: ='[2]Buenos Aires'!V15 -> 2163.2672
A6: Buenos Aires | B6: Curtido y terminación de cueros; fabricación de artículos de marroquinería, talabartería y calzado y de sus partes | C6: ='[2]Buenos Aires'!C16 -> 1080.5528 | D6: ='[2]Buenos Aires'!D16 -> 1084.5547 | E6: ='[2]Buenos Aires'!E16 -> 1201.9932 | F6: ='[2]Buenos Aires'!F16 -> 1319.7926 | G6: ='[2]Buenos Aires'!G16 -> 1254.9245 | H6: ='[2]Buenos Aires'!H16 -> 1166.0311 | I6: ='[2]Buenos Aires'!I16 -> 1415.3972 | J6: ='[2]Buenos Aires'!J16 -> 1450.489 | ... V6: ='[2]Buenos Aires'!V16 -> 1101.7615
A7: Buenos Aires | B7: Producción de madera y fabricación de productos de madera y corcho, excepto muebles; fabricación de artículos de paja y de materiales trenzables | C7: ='[2]Buenos Aires'!C17 -> 780.11548 | D7: ='[2]Buenos Aires'!D17 -> 723.34323 | E7: ='[2]Buenos Aires'!E17 -> 774.32831 | F7: ='[2]Buenos Aires'!F17 -> 771.87797 | G7: ='[2]Buenos Aires'!G17 -> 722.2233 | H7: ='[2]Buenos Aires'!H17 -> 629.90526 | I7: ='[2]Buenos Aires'!I17 -> 688.24484 | J7: ='[2]Buenos Aires'!J17 -> 765.81011 | ... V7: ='[2]Buenos Aires'!V17 -> 465.94504
A8: Buenos Aires | B8: Fabricación de papel y de productos de papel | C8: ='[2]Buenos Aires'!C18 -> 1280.1886 | D8: ='[2]Buenos Aires'!D18 -> 1460.2447 | E8: ='[2]Buenos Aires'!E18 -> 1599.1434 | F8: ='[2]Buenos Aires'!F18 -> 1701.8947 | G8: ='[2]Buenos Aires'!G18 -> 1764.4403 | H8: ='[2]Buenos Aires'!H18 -> 1705.8912 | I8: ='[2]Buenos Aires'!I18 -> 1872.2858 | J8: ='[2]Buenos Aires'!J18 -> 1941.8191 | ... V8: ='[2]Buenos Aires'!V18 -> 1815.1903
A9: Buenos Aires | B9: Edición e impresión; reproducción de grabaciones | C9: ='[2]Buenos Aires'!C19 -> 808.17112 | D9: ='[2]Buenos Aires'!D19 -> 880.94437 | E9: ='[2]Buenos Aires'!E19 -> 1015.8602 | F9: ='[2]Buenos Aires'!F19 -> 1161.1118 | G9: ='[2]Buenos Aires'!G19 -> 1272.4495 | H9: ='[2]Buenos Aires'!H19 -> 1188.331 | I9: ='[2]Buenos Aires'!I19 -> 1310.0677 | J9: ='[2]Buenos Aires'!J19 -> 1543.701 | ... V9: ='[2]Buenos Aires'!V19 -> 1234.5979
A10: Buenos Aires | B10: Fabricación de coque, productos de la refinación del petróleo y combustible nuclear | C10: ='[2]Buenos Aires'!C20 -> 2151.8224 | D10: ='[2]Buenos Aires'!D20 -> 2125.9876 | E10: ='[2]Buenos Aires'!E20 -> 2163.474 | F10: ='[2]Buenos Aires'!F20 -> 2182.1065 | G10: ='[2]Buenos Aires'!G20 -> 2098.0282 | H10: ='[2]Buenos Aires'!H20 -> 2039.8133 | I10: ='[2]Buenos Aires'!I20 -> 2074.1886 | J10: ='[2]Buenos Aires'!J20 -> 2031.7933 | ... V10: ='[2]Buenos Aires'!V20 -> 1798.2267
A11: Buenos Aires | B11: Fabricación de sustancias y productos químicos | C11: ='[2]Buenos Aires'!C21 -> 7230.6008 | D11: ='[2]Buenos Aires'!D21 -> 7418.4875 | E11: ='[2]Buenos Aires'!E21 -> 7992.6501 | F11: ='[2]Buenos Aires'!F21 -> 8260.5522 | G11: ='[2]Buenos Aires'!G21 -> 8816.3719 | H11: ='[2]Buenos Aires'!H21 -> 9036.777 | I11: ='[2]Buenos Aires'!I21 -> 9767.0613 | J11: ='[2]Buenos Aires'!J21 -> 10434.295 | ... V11: ='[2]Buenos Aires'!V21 -> 11761.148
A12: Buenos Aires | B12: Fabricación de productos de caucho y plástico | C12: ='[2]Buenos Aires'!C22 -> 2782.0302 | D12: ='[2]Buenos Aires'!D22 -> 2855.4181 | E12: ='[2]Buenos Aires'!E22 -> 3016.6674 | F12: ='[2]Buenos Aires'!F22 -> 3275.9706 | G12: ='[2]Buenos Aires'!G22 -> 2998.9384 | H12: ='[2]Buenos Aires'!H22 -> 2923.3152 | I12: ='[2]Buenos Aires'!I22 -> 3396.0129 | J12: ='[2]Buenos Aires'!J22 -> 3616.6839 | ... V12: ='[2]Buenos Aires'!V22 -> 3425.8837
A13: Buenos Aires | B13: Fabricación de productos minerales no metálicos | C13: ='[2]Buenos Aires'!C23 -> 1800.6135 | D13: ='[2]Buenos Aires'!D23 -> 2095.6569 | E13: ='[2]Buenos Aires'!E23 -> 2507.795 | F13: ='[2]Buenos Aires'!F23 -> 2725.9138 | G13: ='[2]Buenos Aires'!G23 -> 2766.7615 | H13: ='[2]Buenos Aires'!H23 -> 2470.9667 | I13: ='[2]Buenos Aires'!I23 -> 2721.8839 | J13: ='[2]Buenos Aires'!J23 -> 2960.7011 | ... V13: ='[2]Buenos Aires'!V23 -> 3186.6324
... A25: Buenos Aires | B25: Reparación, mantenimiento e instalación de maquinas y equipos | C25: ='[2]Buenos Aires'!C35 -> 272.60274 | D25: ='[2]Buenos Aires'!D35 -> 284.59168 | E25: ='[2]Buenos Aires'!E35 -> 319.1303 | F25: ='[2]Buenos Aires'!F35 -> 374.82331 | G25: ='[2]Buenos Aires'!G35 -> 414.4564 | H25: ='[2]Buenos Aires'!H35 -> 343.74507 | I25: ='[2]Buenos Aires'!I35 -> 403.34098 | J25: ='[2]Buenos Aires'!J35 -> 480.67582 | ... V25: ='[2]Buenos Aires'!V35 -> 409.50824
A26: CABA | B26: Elaboración de productos alimenticios y bebidas | C26: 2432.8264 | D26: 2545.5989 | E26: 2712.457 | F26: 2832.6086 | G26: 2873.3247 | H26: 2866.6808 | I26: 2820.6696 | J26: 2940.221 | K26: 2849.5434 | L26: 2733.311 | M26: 2763.4283 | N26: 2908.1032 | O26: 2809.5416 | P26: 2788.808 | Q26: 2744.0419 | R26: 2714.2412 | S26: 2703.831 | T26: 2861.4409 | U26: 3040.1833 | V26: 3007.3123
A27: CABA | B27: Elaboración de productos de tabaco | C27: 78.239444 | D27: 75.378738 | E27: 69.947574 | F27: 64.91456 | G27: 70.254704 | H27: 64.857151 | I27: 64.494078 | J27: 61.090869 | K27: 57.190029 | L27: 54.304766 | M27: 84.999512 | N27: 84.155712 | O27: 51.94249 | P27: 52.152199 | Q27: 48.902171 | R27: 48.003307 | S27: 45.767758 | T27: 38.84403 | U27: 42.647137 | V27: 45.076518
A28: CABA | B28: Fabricación de productos textiles | C28: 544.42614 | D28: 638.6969 | E28: 661.62919 | F28: 750.23425 | G28: 694.05193 | H28: 658.314 | I28: 790.78222 | J28: 829.52621 | K28: 732.89697 | L28: 701.65362 | M28: 730.62528 | N28: 723.06933 | O28: 642.57547 | P28: 621.15771 | Q28: 564.46652 | R28: 523.65899 | S28: 408.57554 | T28: 492.86756 | U28: 467.30623 | V28: 468.74736
A29: CABA | B29: Fabricación de prendas de vestir; terminación y teñido de pieles | C29: 1110.2735 | D29: 1340.2064 | E29: 1394.9127 | F29: 1478.2577 | G29: 1493.336 | H29: 1458.6115 | I29: 1617.6143 | J29: 1745.7222 | K29: 1534.1195 | L29: 1558.8144 | M29: 1353.4461 | N29: 1431.8512 | O29: 1266.1118 | P29: 1131.5392 | Q29: 995.5463 | R29: 841.4107 | S29: 552.92212 | T29: 818.72232 | U29: 792.2688 | V29: 824.2167
A30: CABA | B30: Curtido y terminación de cueros; fabricación de artículos de marroquinería, talabartería y calzado y de sus partes | C30: 260.25325 | D30: 281.97164 | E30: 360.43394 | F30: 453.14788 | G30: 515.19642 | H30: 545.72805 | I30: 665.32624 | J30: 640.66138 | K30: 566.27638 | L30: 544.64357 | M30: 519.06303 | N30: 477.88968 | O30: 419.90453 | P30: 389.70763 | Q30: 358.03852 | R30: 342.35387 | S30: 228.33165 | T30: 274.07566 | U30: 302.45306 | V30: 300.05421
A31: CABA | B31: Producción de madera y fabricación de productos de madera y corcho, excepto muebles; fabricación de artículos de paja y de materiales trenzables | C31: 143.97668 | D31: 144.30343 | E31: 162.21806 | F31: 162.96117 | G31: 143.35693 | H31: 131.85954 | I31: 145.39336 | J31: 153.81505 | K31: 132.63326 | L31: 137.32708 | M31: 110.08534 | N31: 105.86556 | O31: 108.49106 | P31: 109.86785 | Q31: 102.7851 | R31: 110.6687 | S31: 107.11252 | T31: 103.05172 | U31: 95.607846 | V31: 101.54674
A32: CABA | B32: Fabricación de papel y de productos de papel | C32: 340.74371 | D32: 408.05825 | E32: 459.37829 | F32: 517.89432 | G32: 517.91783 | H32: 444.53206 | I32: 468.89469 | J32: 493.08282 | K32: 458.67879 | L32: 481.55272 | M32: 596.74701 | N32: 590.89692 | O32: 559.7538 | P32: 563.67371 | Q32: 547.06075 | R32: 501.33387 | S32: 465.39605 | T32: 421.26114 | U32: 423.76778 | V32: 414.37112
A33: CABA | B33: Edición e impresión; reproducción de grabaciones | C33: 1802.1915 | D33: 1927.3534 | E33: 2133.9237 | F33: 2355.9446 | G33: 2533.4373 | H33: 2334.056 | I33: 2481.6328 | J33: 2776.0655 | K33: 2551.9987 | L33: 2576.2452 | M33: 2214.5269 | N33: 1946.3657 | O33: 1728.8833 | P33: 1673.7038 | Q33: 1574.9859 | R33: 1479.279 | S33: 1352.7293 | T33: 1404.587 | U33: 1511.8323 | V33: 1462.4744
A34: CABA | B34: Fabricación de coque, productos de la refinación del petróleo y combustible nuclear | C34: 442.9653 | D34: 438.8675 | E34: 464.80869 | F34: 574.94244 | G34: 529.04808 | H34: 519.5304 | I34: 513.03321 | J34: 497.64518 | K34: 493.14754 | L34: 442.80955 | M34: 526.63192 | N34: 561.1151 | O34: 532.69456 | P34: 540.74287 | Q34: 454.83229 | R34: 458.66112 | S34: 351.37889 | T34: 396.65691 | U34: 447.75704 | V34: 468.70276
A35: CABA | B35: Fabricación de sustancias y productos químicos | C35: 2687.0672 | D35: 2696.2596 | E35: 2841.6797 | F35: 2962.2677 | G35: 3137.5595 | H35: 3209.454 | I35: 3239.2824 | J35: 3381.6776 | K35: 3444.8722 | L35: 3398.5588 | M35: 3318.452 | N35: 3413.5892 | O35: 3471.7139 | P35: 3460.5749 | Q35: 3214.3842 | R35: 3037.5803 | S35: 2954.5913 | T35: 3092.9197 | U35: 3145.0278 | V35: 3149.0517
A36: CABA | B36: Fabricación de productos de caucho y plástico | C36: 438.37426 | D36: 439.13017 | E36: 453.40632 | F36: 491.364 | G36: 451.86624 | H36: 440.45337 | I36: 515.97829 | J36: 528.96102 | K36: 513.25231 | L36: 477.44688 | M36: 438.01948 | N36: 461.33507 | O36: 405.47671 | P36: 410.3264 | Q36: 367.02858 | R36: 356.00864 | S36: 327.53233 | T36: 369.70789 | U36: 364.65356 | V36: 342.59569
A37: CABA | B37: Fabricación de productos minerales no metálicos | C37: 205.41791 | D37: 244.24937 | E37: 290.01963 | F37: 318.93964 | G37: 319.40045 | H37: 268.40904 | I37: 295.20373 | J37: 319.34619 | K37: 311.12184 | L37: 345.59162 | M37: 324.41473 | N37: 312.31827 | O37: 291.62346 | P37: 315.34585 | Q37: 337.89655 | R37: 291.78569 | S37: 219.56726 | T37: 266.3792 | U37: 254.98338 | V37: 239.31031
... A49: CABA | B49: Reparación, mantenimiento e instalación de maquinas y equipos | C49: 217.6675 | D49: 226.31396 | E49: 238.47789 | F49: 279.97283 | G49: 320.73719 | H49: 278.48838 | I49: 299.80659 | J49: 337.2402 | K49: 310.77664 | L49: 307.65082 | M49: 294.01319 | N49: 303.74148 | O49: 278.81274 | P49: 276.28857 | Q49: 260.31793 | R49: 240.775 | S49: 222.14182 | T49: 260.1886 | U49: 269.87166 | V49: 266.74629
A50: Catamarca | B50: Elaboración de productos alimenticios y bebidas | C50: =[2]Catamarca!C12 -> 115.77249 | D50: =[2]Catamarca!D12 -> 126.0846 | E50: =[2]Catamarca!E12 -> 131.29611 | F50: =[2]Catamarca!F12 -> 133.01038 | G50: =[2]Catamarca!G12 -> 135.2207 | H50: =[2]Catamarca!H12 -> 128.88315 | I50: =[2]Catamarca!I12 -> 128.01604 | J50: =[2]Catamarca!J12 -> 135.93738 | ... V50: =[2]Catamarca!V12 -> 105.80357
A51: Catamarca | B51: Elaboración de productos de tabaco | C51: =[2]Catamarca!C13 -> 0 | D51: =[2]Catamarca!D13 -> 0 | E51: =[2]Catamarca!E13 -> 0 | F51: =[2]Catamarca!F13 -> 0 | G51: =[2]Catamarca!G13 -> 0 | H51: =[2]Catamarca!H13 -> 0 | I51: =[2]Catamarca!I13 -> 0 | J51: =[2]Catamarca!J13 -> 0 | ... V51: =[2]Catamarca!V13 -> 0
A52: Catamarca | B52: Fabricación de productos textiles | C52: =[2]Catamarca!C14 -> 62.9642 | D52: =[2]Catamarca!D14 -> 73.955928 | E52: =[2]Catamarca!E14 -> 66.644567 | F52: =[2]Catamarca!F14 -> 67.25212 | G52: =[2]Catamarca!G14 -> 56.271141 | H52: =[2]Catamarca!H14 -> 48.041793 | I52: =[2]Catamarca!I14 -> 60.778591 | J52: =[2]Catamarca!J14 -> 59.15154 | ... V52: =[2]Catamarca!V14 -> 42.2921
A53: Catamarca | B53: Fabricación de prendas de vestir; terminación y teñido de pieles | C53: =[2]Catamarca!C15 -> 21.444097 | D53: =[2]Catamarca!D15 -> 25.6622 | E53: =[2]Catamarca!E15 -> 25.753032 | F53: =[2]Catamarca!F15 -> 21.754971 | G53: =[2]Catamarca!G15 -> 23.118908 | H53: =[2]Catamarca!H15 -> 22.467434 | I53: =[2]Catamarca!I15 -> 24.846377 | J53: =[2]Catamarca!J15 -> 27.122639 | ... V53: =[2]Catamarca!V15 -> 24.254085
A54: Catamarca | B54: Curtido y terminación de cueros; fabricación de artículos de marroquinería, talabartería y calzado y de sus partes | C54: =[2]Catamarca!C16 -> 38.695401 | D54: =[2]Catamarca!D16 -> 37.3571 | E54: =[2]Catamarca!E16 -> 45.040531 | F54: =[2]Catamarca!F16 -> 54.334694 | G54: =[2]Catamarca!G16 -> 49.614494 | H54: =[2]Catamarca!H16 -> 43.557257 | I54: =[2]Catamarca!I16 -> 62.413241 | J54: =[2]Catamarca!J16 -> 61.888458 | ... V54: =[2]Catamarca!V16 -> 45.41039
A55: Catamarca | B55: Producción de madera y fabricación de productos de madera y corcho, excepto muebles; fabricación de artículos de paja y de materiales trenzables | C55: =[2]Catamarca!C17 -> 5.823858 | D55: =[2]Catamarca!D17 -> 4.4958733 | E55: =[2]Catamarca!E17 -> 4.726075 | F55: =[2]Catamarca!F17 -> 4.4519827 | G55: =[2]Catamarca!G17 -> 3.8274418 | H55: =[2]Catamarca!H17 -> 3.1421562 | I55: =[2]Catamarca!I17 -> 3.8484783 | J55: =[2]Catamarca!J17 -> 4.5171508 | ... V55: =[2]Catamarca!V17 -> 2.2332785
A56: Catamarca | B56: Fabricación de papel y de productos de papel | C56: =[2]Catamarca!C18 -> 1.7910813 | D56: =[2]Catamarca!D18 -> 2.0665903 | E56: =[2]Catamarca!E18 -> 2.315498 | F56: =[2]Catamarca!F18 -> 2.5539855 | G56: =[2]Catamarca!G18 -> 2.4648465 | H56: =[2]Catamarca!H18 -> 2.1041367 | I56: =[2]Catamarca!I18 -> 2.4858929 | J56: =[2]Catamarca!J18 -> 2.6623723 | ... V56: =[2]Catamarca!V18 -> 2.5762994
A57: Catamarca | B57: Edición e impresión; reproducción de grabaciones | C57: =[2]Catamarca!C19 -> 9.8609019 | D57: =[2]Catamarca!D19 -> 9.7832592 | E57: =[2]Catamarca!E19 -> 10.297293 | F57: =[2]Catamarca!F19 -> 10.707305 | G57: =[2]Catamarca!G19 -> 11.314778 | H57: =[2]Catamarca!H19 -> 10.600273 | I57: =[2]Catamarca!I19 -> 12.792659 | J57: =[2]Catamarca!J19 -> 16.557276 | ... V57: =[2]Catamarca!V19 -> 10.032987
A58: Catamarca | B58: Fabricación de coque, productos de la refinación del petróleo y combustible nuclear | C58: =[2]Catamarca!C20 -> 0 | D58: =[2]Catamarca!D20 -> 0 | E58: =[2]Catamarca!E20 -> 0 | F58: =[2]Catamarca!F20 -> 0 | G58: =[2]Catamarca!G20 -> 0 | H58: =[2]Catamarca!H20 -> 0 | I58: =[2]Catamarca!I20 -> 0 | J58: =[2]Catamarca!J20 -> 0 | ... V58: =[2]Catamarca!V20 -> 0
A59: Catamarca | B59: Fabricación de sustancias y productos químicos | C59: =[2]Catamarca!C21 -> 13.226974 | D59: =[2]Catamarca!D21 -> 12.527826 | E59: =[2]Catamarca!E21 -> 13.502444 | F59: =[2]Catamarca!F21 -> 13.697069 | G59: =[2]Catamarca!G21 -> 14.96296 | H59: =[2]Catamarca!H21 -> 15.688239 | I59: =[2]Catamarca!I21 -> 17.158038 | J59: =[2]Catamarca!J21 -> 18.830775 | ... V59: =[2]Catamarca!V21 -> 19.34369
A60: Catamarca | B60: Fabricación de productos de caucho y plástico | C60: =[2]Catamarca!C22 -> 28.078677 | D60: =[2]Catamarca!D22 -> 26.611713 | E60: =[2]Catamarca!E22 -> 27.311208 | F60: =[2]Catamarca!F22 -> 30.323167 | G60: =[2]Catamarca!G22 -> 24.335406 | H60: =[2]Catamarca!H22 -> 24.140055 | I60: =[2]Catamarca!I22 -> 31.878875 | J60: =[2]Catamarca!J22 -> 34.301379 | ... V60: =[2]Catamarca!V22 -> 26.152982
A61: Catamarca | B61: Fabricación de productos minerales no metálicos | C61: =[2]Catamarca!C23 -> 73.170856 | D61: =[2]Catamarca!D23 -> 78.242492 | E61: =[2]Catamarca!E23 -> 88.299616 | F61: =[2]Catamarca!F23 -> 90.340136 | G61: =[2]Catamarca!G23 -> 87.928557 | H61: =[2]Catamarca!H23 -> 78.279448 | I61: =[2]Catamarca!I23 -> 89.795985 | J61: =[2]Catamarca!J23 -> 93.094671 | ... V61: =[2]Catamarca!V23 -> 97.187183
... A73: Catamarca | B73: Reparación, mantenimiento e instalación de maquinas y equipos | C73: =[2]Catamarca!C35 -> 0.96118507 | D73: =[2]Catamarca!D35 -> 0.92055921 | E73: =[2]Catamarca!E35 -> 1.0009824 | F73: =[2]Catamarca!F35 -> 1.1945472 | G73: =[2]Catamarca!G35 -> 0.92191903 | H73: =[2]Catamarca!H35 -> 0.74276212 | I73: =[2]Catamarca!I35 -> 0.96359703 | J73: =[2]Catamarca!J35 -> 1.23787 | ... V73: =[2]Catamarca!V35 -> 1.1818046
A74: Córdoba | B74: Elaboración de productos alimenticios y bebidas | C74: =[2]Córdoba!C12 -> 2150.0245 | D74: =[2]Córdoba!D12 -> 2364.4393 | E74: =[2]Córdoba!E12 -> 2582.3932 | F74: =[2]Córdoba!F12 -> 2745.1829 | G74: =[2]Córdoba!G12 -> 2860.9847 | H74: =[2]Córdoba!H12 -> 2821.9968 | I74: =[2]Córdoba!I12 -> 2834.6623 | J74: =[2]Córdoba!J12 -> 2947.0238 | ... V74: =[2]Córdoba!V12 -> 3253.8174
A75: Córdoba | B75: Elaboración de productos de tabaco | C75: =[2]Córdoba!C13 -> 2.7168633 | D75: =[2]Córdoba!D13 -> 2.3258577 | E75: =[2]Córdoba!E13 -> 2.6110425 | F75: =[2]Córdoba!F13 -> 2.7405298 | G75: =[2]Córdoba!G13 -> 3.0497191 | H75: =[2]Córdoba!H13 -> 2.9365306 | I75: =[2]Córdoba!I13 -> 2.9625409 | J75: =[2]Córdoba!J13 -> 2.929673 | ... V75: =[2]Córdoba!V13 -> 1.9911061
A76: Córdoba | B76: Fabricación de productos textiles | C76: =[2]Córdoba!C14 -> 42.139199 | D76: =[2]Córdoba!D14 -> 51.784719 | E76: =[2]Córdoba!E14 -> 52.953593 | F76: =[2]Córdoba!F14 -> 60.142521 | G76: =[2]Córdoba!G14 -> 55.70027 | H76: =[2]Córdoba!H14 -> 53.060364 | I76: =[2]Córdoba!I14 -> 65.266091 | J76: =[2]Córdoba!J14 -> 78.732522 | ... V76: =[2]Córdoba!V14 -> 78.49182
A77: Córdoba | B77: Fabricación de prendas de vestir; terminación y teñido de pieles | C77: =[2]Córdoba!C15 -> 210.9741 | D77: =[2]Córdoba!D15 -> 256.98249 | E77: =[2]Córdoba!E15 -> 272.15648 | F77: =[2]Córdoba!F15 -> 278.73916 | G77: =[2]Córdoba!G15 -> 274.24457 | H77: =[2]Córdoba!H15 -> 257.95243 | I77: =[2]Córdoba!I15 -> 277.2945 | J77: =[2]Córdoba!J15 -> 321.96903 | ... V77: =[2]Córdoba!V15 -> 186.58104
A78: Córdoba | B78: Curtido y terminación de cueros; fabricación de artículos de marroquinería, talabartería y calzado y de sus partes | C78: =[2]Córdoba!C16 -> 96.303036 | D78: =[2]Córdoba!D16 -> 102.78825 | E78: =[2]Córdoba!E16 -> 119.67965 | F78: =[2]Córdoba!F16 -> 132.17297 | G78: =[2]Córdoba!G16 -> 120.63009 | H78: =[2]Córdoba!H16 -> 106.21195 | I78: =[2]Córdoba!I16 -> 129.6104 | J78: =[2]Córdoba!J16 -> 132.45536 | ... V78: =[2]Córdoba!V16 -> 76.789061
A79: Córdoba | B79: Producción de madera y fabricación de productos de madera y corcho, excepto muebles; fabricación de artículos de paja y de materiales trenzables | C79: =[2]Córdoba!C17 -> 123.73256 | D79: =[2]Córdoba!D17 -> 112.69602 | E79: =[2]Córdoba!E17 -> 119.2246 | F79: =[2]Córdoba!F17 -> 117.60751 | G79: =[2]Córdoba!G17 -> 113.05885 | H79: =[2]Córdoba!H17 -> 102.26799 | I79: =[2]Córdoba!I17 -> 112.98186 | J79: =[2]Córdoba!J17 -> 122.97545 | ... V79: =[2]Córdoba!V17 -> 77.165847
A80: Córdoba | B80: Fabricación de papel y de productos de papel | C80: =[2]Córdoba!C18 -> 98.260716 | D80: =[2]Córdoba!D18 -> 108.33648 | E80: =[2]Córdoba!E18 -> 120.16773 | F80: =[2]Córdoba!F18 -> 128.86895 | G80: =[2]Córdoba!G18 -> 130.06671 | H80: =[2]Córdoba!H18 -> 122.24811 | I80: =[2]Córdoba!I18 -> 135.33053 | J80: =[2]Córdoba!J18 -> 148.65014 | ... V80: =[2]Córdoba!V18 -> 188.15625
A81: Córdoba | B81: Edición e impresión; reproducción de grabaciones | C81: =[2]Córdoba!C19 -> 123.4044 | D81: =[2]Córdoba!D19 -> 135.27577 | E81: =[2]Córdoba!E19 -> 157.96291 | F81: =[2]Córdoba!F19 -> 180.30192 | G81: =[2]Córdoba!G19 -> 191.68386 | H81: =[2]Córdoba!H19 -> 176.11148 | I81: =[2]Córdoba!I19 -> 187.43983 | J81: =[2]Córdoba!J19 -> 207.20232 | ... V81: =[2]Córdoba!V19 -> 119.48926
A82: Córdoba | B82: Fabricación de coque, productos de la refinación del petróleo y combustible nuclear | C82: =[2]Córdoba!C20 -> 21.013964 | D82: =[2]Córdoba!D20 -> 20.477897 | E82: =[2]Córdoba!E20 -> 23.130176 | F82: =[2]Córdoba!F20 -> 29.926423 | G82: =[2]Córdoba!G20 -> 29.531717 | H82: =[2]Córdoba!H20 -> 29.731896 | I82: =[2]Córdoba!I20 -> 27.121462 | J82: =[2]Córdoba!J20 -> 25.077165 | ... V82: =[2]Córdoba!V20 -> 25.831902
A83: Córdoba | B83: Fabricación de sustancias y productos químicos | C83: =[2]Córdoba!C21 -> 344.6176 | D83: =[2]Córdoba!D21 -> 352.85175 | E83: =[2]Córdoba!E21 -> 365.47352 | F83: =[2]Córdoba!F21 -> 380.10571 | G83: =[2]Córdoba!G21 -> 403.4626 | H83: =[2]Córdoba!H21 -> 414.79573 | I83: =[2]Córdoba!I21 -> 447.84133 | J83: =[2]Córdoba!J21 -> 479.37778 | ... V83: =[2]Córdoba!V21 -> 492.52875
A84: Córdoba | B84: Fabricación de productos de caucho y plástico | C84: =[2]Córdoba!C22 -> 314.84083 | D84: =[2]Córdoba!D22 -> 329.79299 | E84: =[2]Córdoba!E22 -> 342.83385 | F84: =[2]Córdoba!F22 -> 386.96834 | G84: =[2]Córdoba!G22 -> 367.22682 | H84: =[2]Córdoba!H22 -> 351.39921 | I84: =[2]Córdoba!I22 -> 413.5534 | J84: =[2]Córdoba!J22 -> 439.39022 | ... V84: =[2]Córdoba!V22 -> 396.15461
A85: Córdoba | B85: Fabricación de productos minerales no metálicos | C85: =[2]Córdoba!C23 -> 306.56844 | D85: =[2]Córdoba!D23 -> 382.12018 | E85: =[2]Córdoba!E23 -> 477.43346 | F85: =[2]Córdoba!F23 -> 527.0172 | G85: =[2]Córdoba!G23 -> 551.06694 | H85: =[2]Córdoba!H23 -> 459.57948 | I85: =[2]Córdoba!I23 -> 514.52182 | J85: =[2]Córdoba!J23 -> 553.96654 | ... V85: =[2]Córdoba!V23 -> 672.80529
... A97: Córdoba | B97: Reparación, mantenimiento e instalación de maquinas y equipos | C97: =[2]Córdoba!C35 -> 64.60626 | D97: =[2]Córdoba!D35 -> 67.446242 | E97: =[2]Córdoba!E35 -> 75.725316 | F97: =[2]Córdoba!F35 -> 90.865799 | G97: =[2]Córdoba!G35 -> 106.45607 | H97: =[2]Córdoba!H35 -> 89.161126 | I97: =[2]Córdoba!I35 -> 108.95015 | J97: =[2]Córdoba!J35 -> 131.91739 | ... V97: =[2]Córdoba!V35 -> 121.90363
A98: Corrientes | B98: Elaboración de productos alimenticios y bebidas | C98: =[2]Corrientes!C12 -> 160.04405 | D98: =[2]Corrientes!D12 -> 182.49128 | E98: =[2]Corrientes!E12 -> 189.0772 | F98: =[2]Corrientes!F12 -> 204.90854 | G98: =[2]Corrientes!G12 -> 225.15623 | H98: =[2]Corrientes!H12 -> 243.20369 | I98: =[2]Corrientes!I12 -> 232.79718 | J98: =[2]Corrientes!J12 -> 229.41056 | ... V98: =[2]Corrientes!V12 -> 241.82221
A99: Corrientes | B99: Elaboración de productos de tabaco | C99: =[2]Corrientes!C13 -> 53.262613 | D99: =[2]Corrientes!D13 -> 51.859537 | E99: =[2]Corrientes!E13 -> 53.64348 | F99: =[2]Corrientes!F13 -> 53.910644 | G99: =[2]Corrientes!G13 -> 55.849468 | H99: =[2]Corrientes!H13 -> 52.858087 | I99: =[2]Corrientes!I13 -> 53.93684 | J99: =[2]Corrientes!J13 -> 53.275624 | ... V99: =[2]Corrientes!V13 -> 8.6864154
A100: Corrientes | B100: Fabricación de productos textiles | C100: =[2]Corrientes!C14 -> 81.114991 | D100: =[2]Corrientes!D14 -> 91.072681 | E100: =[2]Corrientes!E14 -> 90.474053 | F100: =[2]Corrientes!F14 -> 88.480423 | G100: =[2]Corrientes!G14 -> 77.179033 | H100: =[2]Corrientes!H14 -> 72.560779 | I100: =[2]Corrientes!I14 -> 88.131925 | J100: =[2]Corrientes!J14 -> 91.249062 | ... V100: =[2]Corrientes!V14 -> 78.141072
A101: Corrientes | B101: Fabricación de prendas de vestir; terminación y teñido de pieles | C101: =[2]Corrientes!C15 -> 16.407655 | D101: =[2]Corrientes!D15 -> 21.238446 | E101: =[2]Corrientes!E15 -> 19.549247 | F101: =[2]Corrientes!F15 -> 19.762435 | G101: =[2]Corrientes!G15 -> 20.055188 | H101: =[2]Corrientes!H15 -> 19.772613 | I101: =[2]Corrientes!I15 -> 24.010093 | J101: =[2]Corrientes!J15 -> 28.343185 | ... V101: =[2]Corrientes!V15 -> 11.934574
A102: Corrientes | B102: Curtido y terminación de cueros; fabricación de artículos de marroquinería, talabartería y calzado y de sus partes | C102: =[2]Corrientes!C16 -> 6.5983662 | D102: =[2]Corrientes!D16 -> 6.3701581 | E102: =[2]Corrientes!E16 -> 7.6803422 | F102: =[2]Corrientes!F16 -> 9.2651892 | G102: =[2]Corrientes!G16 -> 8.4602973 | H102: =[2]Corrientes!H16 -> 7.4274133 | I102: =[2]Corrientes!I16 -> 10.642749 | J102: =[2]Corrientes!J16 -> 10.553262 | ... V102: =[2]Corrientes!V16 -> 7.7434106
A103: Corrientes | B103: Producción de madera y fabricación de productos de madera y corcho, excepto muebles; fabricación de artículos de paja y de materiales trenzables | C103: =[2]Corrientes!C17 -> 70.259329 | D103: =[2]Corrientes!D17 -> 66.129345 | E103: =[2]Corrientes!E17 -> 75.866223 | F103: =[2]Corrientes!F17 -> 74.235517 | G103: =[2]Corrientes!G17 -> 66.482799 | H103: =[2]Corrientes!H17 -> 57.095404 | I103: =[2]Corrientes!I17 -> 63.632558 | J103: =[2]Corrientes!J17 -> 71.382465 | ... V103: =[2]Corrientes!V17 -> 78.717412
A104: Corrientes | B104: Fabricación de papel y de productos de papel | C104: =[2]Corrientes!C18 -> 0 | D104: =[2]Corrientes!D18 -> 0 | E104: =[2]Corrientes!E18 -> 0 | F104: =[2]Corrientes!F18 -> 0 | G104: =[2]Corrientes!G18 -> 0 | H104: =[2]Corrientes!H18 -> 0 | I104: =[2]Corrientes!I18 -> 0 | J104: =[2]Corrientes!J18 -> 0 | ... V104: =[2]Corrientes!V18 -> 0
A105: Corrientes | B105: Edición e impresión; reproducción de grabaciones | C105: =[2]Corrientes!C19 -> 8.0351355 | D105: =[2]Corrientes!D19 -> 8.9689253 | E105: =[2]Corrientes!E19 -> 9.8700196 | F105: =[2]Corrientes!F19 -> 11.853744 | G105: =[2]Corrientes!G19 -> 12.803496 | H105: =[2]Corrientes!H19 -> 12.218411 | I105: =[2]Corrientes!I19 -> 12.680336 | J105: =[2]Corrientes!J19 -> 14.168049 | ... V105: =[2]Corrientes!V19 -> 8.9156019
A106: Corrientes | B106: Fabricación de coque, productos de la refinación del petróleo y combustible nuclear | C106: =[2]Corrientes!C20 -> 0 | D106: =[2]Corrientes!D20 -> 0 | E106: =[2]Corrientes!E20 -> 0 | F106: =[2]Corrientes!F20 -> 0 | G106: =[2]Corrientes!G20 -> 0 | H106: =[2]Corrientes!H20 -> 0 | I106: =[2]Corrientes!I20 -> 0 | J106: =[2]Corrientes!J20 -> 0 | ... V106: =[2]Corrientes!V20 -> 0
A107: Corrientes | B107: Fabricación de sustancias y productos químicos | C107: =[2]Corrientes!C21 -> 6.0911349 | D107: =[2]Corrientes!D21 -> 6.2417688 | E107: =[2]Corrientes!E21 -> 7.278443 | F107: =[2]Corrientes!F21 -> 7.6986053 | G107: =[2]Corrientes!G21 -> 7.9777424 | H107: =[2]Corrientes!H21 -> 7.6193127 | I107: =[2]Corrientes!I21 -> 7.2512869 | J107: =[2]Corrientes!J21 -> 8.089676 | ... V107: =[2]Corrientes!V21 -> 25.950033
A108: Corrientes | B108: Fabricación de productos de caucho y plástico | C108: =[2]Corrientes!C22 -> 0.90088863 | D108: =[2]Corrientes!D22 -> 0.85382191 | E108: =[2]Corrientes!E22 -> 0.87626482 | F108: =[2]Corrientes!F22 -> 0.97290184 | G108: =[2]Corrientes!G22 -> 0.7807879 | H108: =[2]Corrientes!H22 -> 0.77452016 | I108: =[2]Corrientes!I22 -> 1.0228159 | J108: =[2]Corrientes!J22 -> 1.1005405 | ... V108: =[2]Corrientes!V22 -> 0.8391038
A109: Corrientes | B109: Fabricación de productos minerales no metálicos | C109: =[2]Corrientes!C23 -> 12.865995 | D109: =[2]Corrientes!D23 -> 19.769209 | E109: =[2]Corrientes!E23 -> 24.241073 | F109: =[2]Corrientes!F23 -> 44.231282 | G109: =[2]Corrientes!G23 -> 60.721997 | H109: =[2]Corrientes!H23 -> 61.483112 | I109: =[2]Corrientes!I23 -> 72.284973 | J109: =[2]Corrientes!J23 -> 80.223054 | ... V109: =[2]Corrientes!V23 -> 135.43669
... A121: Corrientes | B121: Reparación, mantenimiento e instalación de maquinas y equipos | C121: =[2]Corrientes!C35 -> 1.8105692 | D121: =[2]Corrientes!D35 -> 1.7835744 | E121: =[2]Corrientes!E35 -> 2.0735975 | F121: =[2]Corrientes!F35 -> 2.655674 | G121: =[2]Corrientes!G35 -> 2.8957336 | H121: =[2]Corrientes!H35 -> 2.0358887 | I121: =[2]Corrientes!I35 -> 2.9998662 | J121: =[2]Corrientes!J35 -> 3.9605539 | ... V121: =[2]Corrientes!V35 -> 3.1568932
A122: Chaco | B122: Elaboración de productos alimenticios y bebidas | C122: =[2]Chaco!C12 -> 126.47164 | D122: =[2]Chaco!D12 -> 135.94153 | E122: =[2]Chaco!E12 -> 152.45397 | F122: =[2]Chaco!F12 -> 165.97172 | G122: =[2]Chaco!G12 -> 172.3397 | H122: =[2]Chaco!H12 -> 159.39082 | I122: =[2]Chaco!I12 -> 155.85684 | J122: =[2]Chaco!J12 -> 155.60827 | ... V122: =[2]Chaco!V12 -> 175.55516
A123: Chaco | B123: Elaboración de productos de tabaco | C123: =[2]Chaco!C13 -> 1.1441259 | D123: =[2]Chaco!D13 -> 0.97946552 | E123: =[2]Chaco!E13 -> 1.0995626 | F123: =[2]Chaco!F13 -> 1.1540923 | G123: =[2]Chaco!G13 -> 1.2842981 | H123: =[2]Chaco!H13 -> 1.2366322 | I123: =[2]Chaco!I13 -> 1.2475857 | J123: =[2]Chaco!J13 -> 1.2337443 | ... V123: =[2]Chaco!V13 -> 0.83849489
A124: Chaco | B124: Fabricación de productos textiles | C124: =[2]Chaco!C14 -> 125.35379 | D124: =[2]Chaco!D14 -> 132.05222 | E124: =[2]Chaco!E14 -> 129.3399 | F124: =[2]Chaco!F14 -> 132.17402 | G124: =[2]Chaco!G14 -> 132.91423 | H124: =[2]Chaco!H14 -> 134.71494 | I124: =[2]Chaco!I14 -> 176.09381 | J124: =[2]Chaco!J14 -> 198.06307 | ... V124: =[2]Chaco!V14 -> 102.42711
A125: Chaco | B125: Fabricación de prendas de vestir; terminación y teñido de pieles | C125: =[2]Chaco!C15 -> 25.419646 | D125: =[2]Chaco!D15 -> 31.907874 | E125: =[2]Chaco!E15 -> 27.788019 | F125: =[2]Chaco!F15 -> 28.646666 | G125: =[2]Chaco!G15 -> 24.926918 | H125: =[2]Chaco!H15 -> 29.939353 | I125: =[2]Chaco!I15 -> 33.875036 | J125: =[2]Chaco!J15 -> 43.414419 | ... V125: =[2]Chaco!V15 -> 24.238971
A126: Chaco | B126: Curtido y terminación de cueros; fabricación de artículos de marroquinería, talabartería y calzado y de sus partes | C126: =[2]Chaco!C16 -> 3.4623858 | D126: =[2]Chaco!D16 -> 3.3426373 | E126: =[2]Chaco!E16 -> 4.0301351 | F126: =[2]Chaco!F16 -> 4.8617579 | G126: =[2]Chaco!G16 -> 4.439404 | H126: =[2]Chaco!H16 -> 3.8974148 | I126: =[2]Chaco!I16 -> 5.5846099 | J126: =[2]Chaco!J16 -> 5.5376533 | ... V126: =[2]Chaco!V16 -> 4.0632293
A127: Chaco | B127: Producción de madera y fabricación de productos de madera y corcho, excepto muebles; fabricación de artículos de paja y de materiales trenzables | C127: =[2]Chaco!C17 -> 37.810658 | D127: =[2]Chaco!D17 -> 34.788751 | E127: =[2]Chaco!E17 -> 40.566573 | F127: =[2]Chaco!F17 -> 45.554322 | G127: =[2]Chaco!G17 -> 45.277329 | H127: =[2]Chaco!H17 -> 48.35386 | I127: =[2]Chaco!I17 -> 44.962582 | J127: =[2]Chaco!J17 -> 45.859591 | ... V127: =[2]Chaco!V17 -> 19.930547
A128: Chaco | B128: Fabricación de papel y de productos de papel | C128: =[2]Chaco!C18 -> 0.028481675 | D128: =[2]Chaco!D18 -> 0.032862803 | E128: =[2]Chaco!E18 -> 0.036820921 | F128: =[2]Chaco!F18 -> 0.040613336 | G128: =[2]Chaco!G18 -> 0.039195852 | H128: =[2]Chaco!H18 -> 0.033459865 | I128: =[2]Chaco!I18 -> 0.039530531 | J128: =[2]Chaco!J18 -> 0.042336895 | ... V128: =[2]Chaco!V18 -> 0.040968169
A129: Chaco | B129: Edición e impresión; reproducción de grabaciones | C129: =[2]Chaco!C19 -> 8.7647916 | D129: =[2]Chaco!D19 -> 8.9941154 | E129: =[2]Chaco!E19 -> 10.035097 | F129: =[2]Chaco!F19 -> 10.990552 | G129: =[2]Chaco!G19 -> 11.855932 | H129: =[2]Chaco!H19 -> 11.101379 | I129: =[2]Chaco!I19 -> 12.389073 | J129: =[2]Chaco!J19 -> 14.605703 | ... V129: =[2]Chaco!V19 -> 14.08115
A130: Chaco | B130: Fabricación de coque, productos de la refinación del petróleo y combustible nuclear | C130: =[2]Chaco!C20 -> 4.8051264 | D130: =[2]Chaco!D20 -> 4.5106536 | E130: =[2]Chaco!E20 -> 4.5778769 | F130: =[2]Chaco!F20 -> 5.2549917 | G130: =[2]Chaco!G20 -> 4.7853797 | H130: =[2]Chaco!H20 -> 4.5311633 | I130: =[2]Chaco!I20 -> 5.2855373 | J130: =[2]Chaco!J20 -> 5.2690852 | ... V130: =[2]Chaco!V20 -> 9.942182
A131: Chaco | B131: Fabricación de sustancias y productos químicos | C131: =[2]Chaco!C21 -> 54.420517 | D131: =[2]Chaco!D21 -> 52.293666 | E131: =[2]Chaco!E21 -> 54.275774 | F131: =[2]Chaco!F21 -> 56.308578 | G131: =[2]Chaco!G21 -> 55.822326 | H131: =[2]Chaco!H21 -> 55.301047 | I131: =[2]Chaco!I21 -> 60.324996 | J131: =[2]Chaco!J21 -> 66.480082 | ... V131: =[2]Chaco!V21 -> 70.09523
A132: Chaco | B132: Fabricación de productos de caucho y plástico | C132: =[2]Chaco!C22 -> 35.070828 | D132: =[2]Chaco!D22 -> 32.620409 | E132: =[2]Chaco!E22 -> 29.323147 | F132: =[2]Chaco!F22 -> 30.18755 | G132: =[2]Chaco!G22 -> 28.041074 | H132: =[2]Chaco!H22 -> 29.789564 | I132: =[2]Chaco!I22 -> 35.088767 | J132: =[2]Chaco!J22 -> 37.59917 | ... V132: =[2]Chaco!V22 -> 26.556983
A133: Chaco | B133: Fabricación de productos minerales no metálicos | C133: =[2]Chaco!C23 -> 35.502047 | D133: =[2]Chaco!D23 -> 43.601684 | E133: =[2]Chaco!E23 -> 59.882139 | F133: =[2]Chaco!F23 -> 68.349705 | G133: =[2]Chaco!G23 -> 89.53549 | H133: =[2]Chaco!H23 -> 154.54129 | I133: =[2]Chaco!I23 -> 121.68138 | J133: =[2]Chaco!J23 -> 113.76988 | ... V133: =[2]Chaco!V23 -> 178.06948
... A145: Chaco | B145: Reparación, mantenimiento e instalación de maquinas y equipos | C145: =[2]Chaco!C35 -> 4.6387287 | D145: =[2]Chaco!D35 -> 4.5963462 | E145: =[2]Chaco!E35 -> 5.4869482 | F145: =[2]Chaco!F35 -> 7.0182206 | G145: =[2]Chaco!G35 -> 7.7156651 | H145: =[2]Chaco!H35 -> 5.3886076 | I145: =[2]Chaco!I35 -> 8.2285412 | J145: =[2]Chaco!J35 -> 11.022787 | ... V145: =[2]Chaco!V35 -> 9.0403217
A146: Chubut | B146: Elaboración de productos alimenticios y bebidas | C146: =[2]Chubut!C12 -> 243.10927 | D146: =[2]Chubut!D12 -> 251.44342 | E146: =[2]Chubut!E12 -> 288.99444 | F146: =[2]Chubut!F12 -> 291.39624 | G146: =[2]Chubut!G12 -> 291.35513 | H146: =[2]Chubut!H12 -> 262.66051 | I146: =[2]Chubut!I12 -> 243.55898 | J146: =[2]Chubut!J12 -> 250.14287 | ... V146: =[2]Chubut!V12 -> 434.92087
A147: Chubut | B147: Elaboración de productos de tabaco | C147: =[2]Chubut!C13 -> 0 | D147: =[2]Chubut!D13 -> 0 | E147: =[2]Chubut!E13 -> 0 | F147: =[2]Chubut!F13 -> 0 | G147: =[2]Chubut!G13 -> 0 | H147: =[2]Chubut!H13 -> 0 | I147: =[2]Chubut!I13 -> 0 | J147: =[2]Chubut!J13 -> 0 | ... V147: =[2]Chubut!V13 -> 0
A148: Chubut | B148: Fabricación de productos textiles | C148: =[2]Chubut!C14 -> 105.5725 | D148: =[2]Chubut!D14 -> 108.82135 | E148: =[2]Chubut!E14 -> 105.03244 | F148: =[2]Chubut!F14 -> 111.04412 | G148: =[2]Chubut!G14 -> 100.36181 | H148: =[2]Chubut!H14 -> 88.359253 | I148: =[2]Chubut!I14 -> 101.18328 | J148: =[2]Chubut!J14 -> 104.71481 | ... V148: =[2]Chubut!V14 -> 27.898833
A149: Chubut | B149: Fabricación de prendas de vestir; terminación y teñido de pieles | C149: =[2]Chubut!C15 -> 4.8977318 | D149: =[2]Chubut!D15 -> 6.3397366 | E149: =[2]Chubut!E15 -> 5.835506 | F149: =[2]Chubut!F15 -> 5.8991432 | G149: =[2]Chubut!G15 -> 5.9865308 | H149: =[2]Chubut!H15 -> 5.9021814 | I149: =[2]Chubut!I15 -> 7.1670811 | J149: =[2]Chubut!J15 -> 8.4605215 | ... V149: =[2]Chubut!V15 -> 3.5625044
A150: Chubut | B150: Curtido y terminación de cueros; fabricación de artículos de marroquinería, talabartería y calzado y de sus partes | C150: =[2]Chubut!C16 -> 2.0192396 | D150: =[2]Chubut!D16 -> 1.9494031 | E150: =[2]Chubut!E16 -> 2.3503471 | F150: =[2]Chubut!F16 -> 2.8353438 | G150: =[2]Chubut!G16 -> 2.5890299 | H150: =[2]Chubut!H16 -> 2.2729455 | I150: =[2]Chubut!I16 -> 3.2569061 | J150: =[2]Chubut!J16 -> 3.2295213 | ... V150: =[2]Chubut!V16 -> 2.3696474
A151: Chubut | B151: Producción de madera y fabricación de productos de madera y corcho, excepto muebles; fabricación de artículos de paja y de materiales trenzables | C151: =[2]Chubut!C17 -> 23.53995 | D151: =[2]Chubut!D17 -> 21.435909 | E151: =[2]Chubut!E17 -> 25.252607 | F151: =[2]Chubut!F17 -> 23.244092 | G151: =[2]Chubut!G17 -> 20.902041 | H151: =[2]Chubut!H17 -> 15.334156 | I151: =[2]Chubut!I17 -> 18.47468 | J151: =[2]Chubut!J17 -> 23.440235 | ... V151: =[2]Chubut!V17 -> 9.6461411
A152: Chubut | B152: Fabricación de papel y de productos de papel | C152: =[2]Chubut!C18 -> 0.30976877 | D152: =[2]Chubut!D18 -> 0.35741825 | E152: =[2]Chubut!E18 -> 0.40046702 | F152: =[2]Chubut!F18 -> 0.4417136 | G152: =[2]Chubut!G18 -> 0.42629694 | H152: =[2]Chubut!H18 -> 0.36391194 | I152: =[2]Chubut!I18 -> 0.42993694 | J152: =[2]Chubut!J18 -> 0.46045916 | ... V152: =[2]Chubut!V18 -> 0.44557279
A153: Chubut | B153: Edición e impresión; reproducción de grabaciones | C153: =[2]Chubut!C19 -> 17.172834 | D153: =[2]Chubut!D19 -> 18.184476 | E153: =[2]Chubut!E19 -> 19.980703 | F153: =[2]Chubut!F19 -> 23.996522 | G153: =[2]Chubut!G19 -> 25.484189 | H153: =[2]Chubut!H19 -> 23.75016 | I153: =[2]Chubut!I19 -> 25.359442 | J153: =[2]Chubut!J19 -> 29.161349 | ... V153: =[2]Chubut!V19 -> 17.83325
A154: Chubut | B154: Fabricación de coque, productos de la refinación del petróleo y combustible nuclear | C154: =[2]Chubut!C20 -> 6.697079 | D154: =[2]Chubut!D20 -> 6.2866616 | E154: =[2]Chubut!E20 -> 6.3803531 | F154: =[2]Chubut!F20 -> 7.3240726 | G154: =[2]Chubut!G20 -> 6.6695573 | H154: =[2]Chubut!H20 -> 6.3152466 | I154: =[2]Chubut!I20 -> 7.3666451 | J154: =[2]Chubut!J20 -> 7.3437153 | ... V154: =[2]Chubut!V20 -> 13.85678
A155: Chubut | B155: Fabricación de sustancias y productos químicos | C155: =[2]Chubut!C21 -> 7.7888131 | D155: =[2]Chubut!D21 -> 9.02385 | E155: =[2]Chubut!E21 -> 10.638238 | F155: =[2]Chubut!F21 -> 11.0322 | G155: =[2]Chubut!G21 -> 11.256942 | H155: =[2]Chubut!H21 -> 10.656057 | I155: =[2]Chubut!I21 -> 9.927096 | J155: =[2]Chubut!J21 -> 9.4335404 | ... V155: =[2]Chubut!V21 -> 5.2661214
A156: Chubut | B156: Fabricación de productos de caucho y plástico | C156: =[2]Chubut!C22 -> 2.6259457 | D156: =[2]Chubut!D22 -> 2.4887538 | E156: =[2]Chubut!E22 -> 2.5541713 | F156: =[2]Chubut!F22 -> 2.8358527 | G156: =[2]Chubut!G22 -> 2.2758714 | H156: =[2]Chubut!H22 -> 2.2576019 | I156: =[2]Chubut!I22 -> 2.9813441 | J156: =[2]Chubut!J22 -> 3.207899 | ... V156: =[2]Chubut!V22 -> 2.4458529
A157: Chubut | B157: Fabricación de productos minerales no metálicos | C157: =[2]Chubut!C23 -> 93.872221 | D157: =[2]Chubut!D23 -> 101.6215 | E157: =[2]Chubut!E23 -> 141.93719 | F157: =[2]Chubut!F23 -> 123.65001 | G157: =[2]Chubut!G23 -> 121.03279 | H157: =[2]Chubut!H23 -> 118.46206 | I157: =[2]Chubut!I23 -> 114.15965 | J157: =[2]Chubut!J23 -> 126.60312 | ... V157: =[2]Chubut!V23 -> 59.868143
... A169: Chubut | B169: Reparación, mantenimiento e instalación de maquinas y equipos | C169: =[2]Chubut!C35 -> 27.665639 | D169: =[2]Chubut!D35 -> 29.951183 | E169: =[2]Chubut!E35 -> 36.03506 | F169: =[2]Chubut!F35 -> 44.593635 | G169: =[2]Chubut!G35 -> 51.594896 | H169: =[2]Chubut!H35 -> 43.226871 | I169: =[2]Chubut!I35 -> 53.313253 | J169: =[2]Chubut!J35 -> 62.442071 | ... V169: =[2]Chubut!V35 -> 25.77687
A170: Entre Ríos | B170: Elaboración de productos alimenticios y bebidas | C170: ='[2]Entre Ríos'!C12 -> 760.96357 | D170: ='[2]Entre Ríos'!D12 -> 861.35393 | E170: ='[2]Entre Ríos'!E12 -> 961.28206 | F170: ='[2]Entre Ríos'!F12 -> 1042.0363 | G170: ='[2]Entre Ríos'!G12 -> 1103.8748 | H170: ='[2]Entre Ríos'!H12 -> 1178.0072 | I170: ='[2]Entre Ríos'!I12 -> 1174.3925 | J170: ='[2]Entre Ríos'!J12 -> 1241.7268 | ... V170: ='[2]Entre Ríos'!V12 -> 1380.0545
A171: Entre Ríos | B171: Elaboración de productos de tabaco | C171: ='[2]Entre Ríos'!C13 -> 1.3443834 | D171: ='[2]Entre Ríos'!D13 -> 1.1509024 | E171: ='[2]Entre Ríos'!E13 -> 1.2920202 | F171: ='[2]Entre Ríos'!F13 -> 1.3560943 | G171: ='[2]Entre Ríos'!G13 -> 1.5090902 | H171: ='[2]Entre Ríos'!H13 -> 1.4530812 | I171: ='[2]Entre Ríos'!I13 -> 1.4659519 | J171: ='[2]Entre Ríos'!J13 -> 1.4496879 | ... V171: ='[2]Entre Ríos'!V13 -> 0.98525755
A172: Entre Ríos | B172: Fabricación de productos textiles | C172: ='[2]Entre Ríos'!C14 -> 13.148297 | D172: ='[2]Entre Ríos'!D14 -> 17.280623 | E172: ='[2]Entre Ríos'!E14 -> 18.385444 | F172: ='[2]Entre Ríos'!F14 -> 20.011697 | G172: ='[2]Entre Ríos'!G14 -> 18.725094 | H172: ='[2]Entre Ríos'!H14 -> 19.335728 | I172: ='[2]Entre Ríos'!I14 -> 22.739984 | J172: ='[2]Entre Ríos'!J14 -> 23.119914 | ... V172: ='[2]Entre Ríos'!V14 -> 11.495781
A173: Entre Ríos | B173: Fabricación de prendas de vestir; terminación y teñido de pieles | C173: ='[2]Entre Ríos'!C15 -> 30.305501 | D173: ='[2]Entre Ríos'!D15 -> 39.228137 | E173: ='[2]Entre Ríos'!E15 -> 36.108129 | F173: ='[2]Entre Ríos'!F15 -> 36.501895 | G173: ='[2]Entre Ríos'!G15 -> 37.042619 | H173: ='[2]Entre Ríos'!H15 -> 36.520694 | I173: ='[2]Entre Ríos'!I15 -> 44.347464 | J173: ='[2]Entre Ríos'!J15 -> 52.350834 | ... V173: ='[2]Entre Ríos'!V15 -> 22.043567
A174: Entre Ríos | B174: Curtido y terminación de cueros; fabricación de artículos de marroquinería, talabartería y calzado y de sus partes | C174: ='[2]Entre Ríos'!C16 -> 11.029953 | D174: ='[2]Entre Ríos'!D16 -> 11.201961 | E174: ='[2]Entre Ríos'!E16 -> 12.431599 | F174: ='[2]Entre Ríos'!F16 -> 14.152798 | G174: ='[2]Entre Ríos'!G16 -> 12.587985 | H174: ='[2]Entre Ríos'!H16 -> 10.692533 | I174: ='[2]Entre Ríos'!I16 -> 11.92395 | J174: ='[2]Entre Ríos'!J16 -> 12.272807 | ... V174: ='[2]Entre Ríos'!V16 -> 10.876892
A175: Entre Ríos | B175: Producción de madera y fabricación de productos de madera y corcho, excepto muebles; fabricación de artículos de paja y de materiales trenzables | C175: ='[2]Entre Ríos'!C17 -> 160.40288 | D175: ='[2]Entre Ríos'!D17 -> 160.77142 | E175: ='[2]Entre Ríos'!E17 -> 188.00111 | F175: ='[2]Entre Ríos'!F17 -> 214.79756 | G175: ='[2]Entre Ríos'!G17 -> 208.29359 | H175: ='[2]Entre Ríos'!H17 -> 177.6804 | I175: ='[2]Entre Ríos'!I17 -> 203.55035 | J175: ='[2]Entre Ríos'!J17 -> 232.49633 | ... V175: ='[2]Entre Ríos'!V17 -> 178.97257
A176: Entre Ríos | B176: Fabricación de papel y de productos de papel | C176: ='[2]Entre Ríos'!C18 -> 65.489852 | D176: ='[2]Entre Ríos'!D18 -> 79.592738 | E176: ='[2]Entre Ríos'!E18 -> 88.961176 | F176: ='[2]Entre Ríos'!F18 -> 93.40615 | G176: ='[2]Entre Ríos'!G18 -> 87.949176 | H176: ='[2]Entre Ríos'!H18 -> 74.2165 | I176: ='[2]Entre Ríos'!I18 -> 85.680473 | J176: ='[2]Entre Ríos'!J18 -> 89.030909 | ... V176: ='[2]Entre Ríos'!V18 -> 93.842378
A177: Entre Ríos | B177: Edición e impresión; reproducción de grabaciones | C177: ='[2]Entre Ríos'!C19 -> 33.212758 | D177: ='[2]Entre Ríos'!D19 -> 36.783998 | E177: ='[2]Entre Ríos'!E19 -> 46.405519 | F177: ='[2]Entre Ríos'!F19 -> 50.633161 | G177: ='[2]Entre Ríos'!G19 -> 51.795051 | H177: ='[2]Entre Ríos'!H19 -> 47.731481 | I177: ='[2]Entre Ríos'!I19 -> 41.325381 | J177: ='[2]Entre Ríos'!J19 -> 44.328875 | ... V177: ='[2]Entre Ríos'!V19 -> 34.15091
...
